link,addresse,rent,rooms,size,area,rent_range,furnishing,condition,pets_allowed,person_elevator,other_rooms,floors,window,connection,partly_air_conditioned,view,loggia,service_elevator,security,fully_air_conditioned,wellness,services,guest_wc,shower,bathtub,bathroom_window,barrier_free,wheelchair_friendly,apartment_sharing,balcony,garden,garden_sharing,terrace,fitted_kitchen,open_kitchen,pantry,parkspace,more_parkspaces,year
https://www.immowelt.de/expose/27xsw57,Mühlenstraße 20,1900.0,2.0,55.0,Friedrichshain-Kreuzberg,1500 to 2000,furnished,renovated,1.0,1.0,0,0,0,0,0,0,0,0,0,0,0,0,0,0,0,1,0,0,0,1,0,0,0,1,0,0,0,0,1975
https://www.immowelt.de/expose/28u6q5p,Großbeerenstraße 13,3290.0,3.0,115.0,Friedrichshain-Kreuzberg,over 3000,furnished,renovated,0.0,0.0,0,0,0,0,0,0,0,0,0,0,0,0,0,0,0,0,0,0,0,0,0,0,0,1,0,0,0,0,1975
https://www.immowelt.de/expose/27jyd5w,Stralauer Allee 5,2308.0,2.0,63.0,Friedrichshain-Kreuzberg,2000 to 3000,furnished,renovated,1.0,1.0,0,0,0,0,0,0,0,0,0,0,0,0,0,0,0,0,0,0,0,0,0,0,0,1,0,0,0,0,1975
https://www.immowelt.de/expose/25m7r5g,Geisbergstraße 31,1500.0,2.0,38.0,Tempelhof-Schöneberg,1500 to 2000,furnished,new building,1.0,1.0,0,0,0,0,0,0,0,0,0,0,0,0,0,0,0,0,0,0,0,1,0,0,0,1,0,0,0,0,2020
https://www.immowelt.de/expose/27wkb5r,Schlierseestraße 2,3000.0,3.0,122.8,Treptow-Köpenick,over 3000,like new,no information,0.0,0.0,0,0,0,0,0,0,0,0,0,0,0,0,0,1,1,0,0,0,0,1,0,0,0,0,0,0,0,0,1975
https://www.immowelt.de/expose/247n45x,Lion-Feuchtwanger Straße 61,1249.0,3.0,53.55,Marzahn-Hellersdorf,1000 to 1500,no information,first-time-use,0.0,1.0,0,0,0,0,0,0,0,0,0,0,0,0,0,0,0,0,0,0,0,0,0,0,0,0,0,0,0,0,2023
https://www.immowelt.de/expose/29whb59,Angerburger Allee 21,746.87,2.0,78.37,Charlottenburg-Wilmersdorf,600 to 1000,no information,no information,0.0,1.0,0,0,0,0,0,0,0,0,0,0,0,0,0,0,0,0,0,0,0,1,0,0,0,0,0,0,0,0,1968
https://www.immowelt.de/expose/28txw5g,Jablonskistr 5,2600.0,3.0,110.0,Pankow,2000 to 3000,furnished,old building,0.0,0.0,0,0,0,0,0,0,0,0,0,0,0,0,0,0,0,0,0,0,1,0,0,0,0,1,0,0,1,0,1902
https://www.immowelt.de/expose/2967958,Müggelseedamm 162 162b,503.73,1.0,39.58,Treptow-Köpenick,below 600,no information,well-maintained,0.0,0.0,0,0,0,0,0,0,0,0,0,0,0,0,0,1,0,0,0,0,0,0,0,0,0,0,0,0,0,0,1900
https://www.immowelt.de/expose/29ru858,Wilhelminenhofstr. 37,318.65,1.0,34.0,Treptow-Köpenick,below 600,no information,well-maintained,0.0,0.0,0,0,0,0,0,0,0,0,0,0,0,0,0,1,0,0,0,0,0,0,0,0,0,0,0,0,0,0,1898
https://www.immowelt.de/expose/29c8z57,Gabriele-Tergit-Promenade 21,1650.0,3.0,90.0,Mitte,1500 to 2000,furnished,new building,1.0,1.0,Kelleranteil,0,0,0,0,0,0,0,0,0,0,0,1,0,1,0,1,1,0,1,0,0,0,1,0,0,1,0,2018
https://www.immowelt.de/expose/29vvz56,Lichtenrade,1410.0,4.0,115.0,Tempelhof-Schöneberg,1000 to 1500,no information,new building,0.0,0.0,0,0,0,0,0,0,0,0,0,0,0,0,0,0,1,1,0,0,0,0,1,0,0,1,0,0,1,0,2013
https://www.immowelt.de/expose/2895d5t,Nalepastraße 222,1000.0,2.0,38.82,Treptow-Köpenick,1000 to 1500,no information,new building,0.0,1.0,Kelleranteil,0,0,0,0,0,0,0,0,0,0,0,0,0,0,0,0,0,0,0,0,0,0,1,0,0,0,0,2023
https://www.immowelt.de/expose/28dsa5t,Nalepastraße 222,750.0,1.0,23.66,Treptow-Köpenick,600 to 1000,no information,new building,0.0,1.0,Kelleranteil,0,0,0,0,0,0,0,0,0,0,0,0,0,0,0,0,0,0,0,0,0,0,1,0,0,0,0,2023
https://www.immowelt.de/expose/27b7f5q,Nalepastraße 222,650.0,1.0,21.65,Treptow-Köpenick,600 to 1000,no information,new building,0.0,1.0,Kelleranteil,0,0,0,0,0,0,0,0,0,0,0,0,0,0,0,0,0,0,0,0,0,0,1,0,0,0,0,2023
https://www.immowelt.de/expose/2ksv247,Philipp-Franck-Weg 19,1205.0,3.0,86.0,Steglitz-Zehlendorf,1000 to 1500,furnished,no information,1.0,0.0,Kelleranteil,"Parkett, Teppichboden",Kunststofffenster,"DSL-Anschluss, Kabelanschluss",0,0,0,0,0,0,0,0,1,1,1,0,0,0,0,1,1,1,0,1,0,0,0,0,1986
https://www.immowelt.de/expose/29qhw54,Prühßstraße 13 + 15,894.18,1.0,45.93,Tempelhof-Schöneberg,600 to 1000,no information,new building,1.0,1.0,0,0,0,0,0,0,0,0,0,0,0,0,0,0,0,0,1,1,0,1,0,0,0,1,0,0,0,0,2019
https://www.immowelt.de/expose/29xz256,Teichmummelring 67,857.45,2.0,63.22,Treptow-Köpenick,600 to 1000,no information,no information,0.0,1.0,0,0,0,0,0,0,0,0,0,0,0,0,0,0,0,0,1,0,0,1,0,0,0,1,1,0,0,0,2017
https://www.immowelt.de/expose/288vu5x,Wiesbadener Straße 47,2200.0,3.0,75.0,Charlottenburg-Wilmersdorf,2000 to 3000,furnished,renovated,0.0,0.0,Kelleranteil,0,Holzfenster,0,1,0,0,0,0,0,0,0,0,1,0,0,0,0,1,1,0,0,0,1,0,0,0,0,1953
https://www.immowelt.de/expose/28sgx5e,Ehrenbergstr. 5,2800.0,3.0,93.0,Friedrichshain-Kreuzberg,2000 to 3000,furnished,new building,1.0,1.0,Kelleranteil,0,0,0,0,0,0,0,0,0,0,0,1,0,1,0,1,1,1,1,0,0,0,1,0,0,1,0,2014
https://www.immowelt.de/expose/29d8753,Biesentaler Str. 10,900.0,2.0,60.3,Mitte,600 to 1000,no information,no information,0.0,0.0,Kelleranteil,0,0,0,0,0,0,0,0,0,0,0,0,0,1,1,0,0,0,0,1,1,0,1,0,0,0,0,1871
https://www.immowelt.de/expose/28qpr5w,Niebuhrstr. 78,3100.0,4.0,170.0,Charlottenburg-Wilmersdorf,over 3000,no information,old building,0.0,1.0,Kelleranteil,0,0,0,0,0,0,0,0,0,0,0,1,0,1,1,0,0,0,1,0,0,1,1,0,0,0,0,1904
https://www.immowelt.de/expose/28p465r,Kaiser Friedrichstrasse 77,1690.0,2.0,56.0,Charlottenburg-Wilmersdorf,1500 to 2000,furnished,renovated,0.0,1.0,Kelleranteil,0,0,0,0,0,0,0,0,0,0,0,0,0,0,0,0,0,0,1,0,0,0,1,0,0,0,0,1900
https://www.immowelt.de/expose/28kxw5y,An der Dahme 2,1194.14,3.0,74.17,Treptow-Köpenick,1000 to 1500,no information,no information,0.0,1.0,0,0,0,0,0,0,0,0,0,0,0,0,0,0,0,0,0,0,0,0,0,0,0,1,0,0,0,0,2023
https://www.immowelt.de/expose/28axw5y,Gaffelsteig 2,1659.36,4.0,103.71,Treptow-Köpenick,1500 to 2000,no information,no information,0.0,1.0,0,0,0,0,0,0,0,0,0,0,0,0,0,0,0,0,0,0,0,0,0,0,0,1,0,0,0,0,2023
https://www.immowelt.de/expose/289zv5x,Dahlem,2200.0,3.0,111.0,Steglitz-Zehlendorf,2000 to 3000,no information,no information,0.0,0.0,Kelleranteil,0,0,0,0,0,0,0,0,0,0,0,0,0,1,1,0,0,0,0,1,1,1,0,0,0,0,0,1910
https://www.immowelt.de/expose/28kza5x,Zaucher Weg 10,2500.0,4.0,138.0,Treptow-Köpenick,2000 to 3000,no information,new building,0.0,0.0,Kelleranteil,0,0,0,0,0,0,0,0,0,0,0,1,0,1,1,0,0,0,1,1,0,0,0,0,0,0,0,2023
https://www.immowelt.de/expose/28era5x,Zaucher Weg 10,1500.0,3.0,73.0,Treptow-Köpenick,1500 to 2000,no information,new building,0.0,0.0,0,0,0,0,0,0,0,0,0,0,0,0,0,0,1,1,1,0,0,0,1,0,1,0,0,0,0,0,2023
https://www.immowelt.de/expose/284qa5x,Zaucher Weg 10,1300.0,2.0,62.01,Treptow-Köpenick,1000 to 1500,no information,new building,0.0,0.0,0,0,0,0,0,0,0,0,0,0,0,0,0,0,1,1,1,0,0,0,1,0,1,0,0,0,0,0,2023
https://www.immowelt.de/expose/297vd52,Gaffelsteig 2,823.03,2.0,49.58,Treptow-Köpenick,600 to 1000,no information,no information,0.0,1.0,0,0,0,0,0,0,0,0,0,0,0,0,0,0,0,0,0,0,0,0,0,0,0,1,0,0,0,0,2023
https://www.immowelt.de/expose/293vd52,Gaffelsteig 2,687.25,1.0,40.19,Treptow-Köpenick,600 to 1000,no information,no information,0.0,1.0,0,0,0,0,0,0,0,0,0,0,0,0,0,0,0,0,0,0,0,0,0,0,0,1,0,0,0,0,2023
https://www.immowelt.de/expose/286du5w,Herrfurthstraße 29,1190.0,2.0,65.0,Neukölln,1000 to 1500,furnished,old building,0.0,1.0,0,Parkett,Aluminiumfenster,0,0,0,0,0,0,0,0,0,0,1,0,0,0,0,0,1,0,0,0,0,0,0,0,0,1900
https://www.immowelt.de/expose/28uf75l,Glienicker Str. 31,1800.0,3.5,155.0,Steglitz-Zehlendorf,1500 to 2000,no information,new building,0.0,0.0,Kelleranteil,0,0,0,0,0,0,0,0,0,0,0,0,0,1,1,0,0,0,0,1,1,1,1,0,0,0,0,1991
https://www.immowelt.de/expose/28phk5w,Prenzlauer Berg,3198.0,2.0,123.0,Pankow,over 3000,furnished,renovated,0.0,1.0,0,0,0,0,0,0,0,0,0,0,0,0,1,0,1,0,1,0,0,1,0,0,0,1,0,0,0,0,1902
https://www.immowelt.de/expose/283ju5u,Bismarckstraße 80,3860.7,7.0,265.34,Charlottenburg-Wilmersdorf,over 3000,no information,no information,0.0,1.0,0,0,0,0,0,0,0,0,0,0,0,0,0,0,0,0,0,0,0,0,0,0,0,1,0,0,0,0,1975
https://www.immowelt.de/expose/27ze25w,Erich-Weinert-Straße 16,2300.0,2.0,75.0,Pankow,2000 to 3000,furnished,renovated,1.0,1.0,0,0,0,0,0,0,0,0,0,0,0,0,0,0,0,0,0,0,0,0,0,0,1,1,0,0,0,0,1975
https://www.immowelt.de/expose/27drv5j,Hauptstraße 151,2850.0,4.0,92.0,Tempelhof-Schöneberg,2000 to 3000,furnished,renovated,1.0,1.0,0,0,0,0,0,0,0,0,0,0,0,0,0,0,0,1,0,0,0,0,0,0,0,1,0,0,0,0,1975
https://www.immowelt.de/expose/28lh65w,Düsseldorfer Str. 49,2530.0,3.0,97.0,Charlottenburg-Wilmersdorf,2000 to 3000,furnished,renovated,1.0,1.0,0,0,0,0,0,0,0,0,0,0,0,0,0,0,0,0,0,0,0,0,0,0,0,1,0,0,0,0,1975
https://www.immowelt.de/expose/2854r5n,Beusselstraße 65,1750.0,2.0,74.0,Mitte,1500 to 2000,furnished,renovated,1.0,0.0,0,0,0,0,0,0,0,0,0,0,0,0,0,0,0,0,0,0,0,0,0,0,0,1,0,0,0,0,1975
https://www.immowelt.de/expose/29csy56,Immanuelkirchstraße 23,1900.0,2.0,55.0,Pankow,1500 to 2000,furnished,renovated,1.0,0.0,0,0,0,0,0,0,0,0,0,0,0,0,0,0,0,0,0,0,0,1,0,0,0,1,0,0,0,0,1975
https://www.immowelt.de/expose/288vw5z,Michaelkirchstraße 16,2280.0,3.0,95.0,Mitte,2000 to 3000,furnished,renovated,1.0,1.0,0,0,0,0,0,0,0,0,0,0,0,0,0,0,0,0,0,0,0,0,0,0,1,1,0,0,0,0,1975
https://www.immowelt.de/expose/288h452,Erich-Weinert-Straße 16,1550.0,1.0,45.0,Pankow,1500 to 2000,furnished,renovated,1.0,0.0,0,0,0,0,0,0,0,0,0,0,0,0,0,0,0,0,0,0,0,0,0,0,0,1,0,0,0,0,1975
https://www.immowelt.de/expose/27wme5x,Cora-Berliner-Str. 1,3500.0,2.0,68.63,Mitte,over 3000,furnished,new building,0.0,1.0,Kelleranteil,0,0,0,0,0,0,0,0,0,0,0,1,0,1,0,1,1,1,1,1,1,1,1,0,0,1,0,2022
https://www.immowelt.de/expose/27z2d5x,Cora-Berliner-Str. 1,2650.0,2.0,62.0,Mitte,2000 to 3000,furnished,new building,0.0,1.0,Kelleranteil,0,0,0,0,0,0,0,0,0,0,0,0,0,1,0,1,1,1,1,1,1,1,1,0,0,1,0,2022
https://www.immowelt.de/expose/27ylv57,Krumme Str. 54,2200.0,3.0,78.0,Charlottenburg-Wilmersdorf,2000 to 3000,furnished,renovated,1.0,1.0,0,0,0,0,0,0,0,0,0,0,0,0,0,0,0,1,0,0,0,0,0,0,0,1,0,0,0,0,1975
https://www.immowelt.de/expose/25s7q5p,Köpenicker Straße 194,1750.0,2.0,50.0,Friedrichshain-Kreuzberg,1500 to 2000,furnished,renovated,1.0,0.0,0,0,0,0,0,0,0,0,0,0,0,0,0,0,0,0,0,0,0,0,0,0,0,1,0,0,0,0,2020
https://www.immowelt.de/expose/279t458,Markgrafendamm 36,2010.0,3.0,77.0,Friedrichshain-Kreuzberg,2000 to 3000,furnished,renovated,1.0,1.0,0,0,0,0,0,0,0,0,0,0,0,0,0,0,0,1,0,0,0,0,0,0,1,1,0,0,0,0,1975
https://www.immowelt.de/expose/24n5q5t,Am Köllnischen Park 17,1850.0,2.0,55.0,Mitte,1500 to 2000,furnished,new building,1.0,1.0,0,0,0,0,0,0,0,0,0,0,0,0,0,0,0,0,0,0,0,0,0,0,0,1,0,0,0,0,2020
https://www.immowelt.de/expose/29cns55,Segelfliegerdamm 28,1099.9,2.0,50.0,Treptow-Köpenick,1000 to 1500,partly furnished,no information,0.0,0.0,Kelleranteil,"Fliesenboden, Teppichboden",Kunststofffenster,0,0,0,0,0,0,0,0,0,0,0,1,1,0,0,0,1,0,0,0,1,0,0,0,0,1992
https://www.immowelt.de/expose/2929955,Konrad-Wolf-Straße 101,2250.0,4.0,112.5,Lichtenberg,2000 to 3000,no information,new building,0.0,1.0,"Kelleranteil, Abstellraum","Fliesenboden, Parkett",0,0,0,0,0,0,0,0,0,0,0,1,1,0,0,0,0,0,0,1,1,0,1,0,0,0,2023
https://www.immowelt.de/expose/293v855,Konrad-Wolf-Straße 101,1568.0,3.0,74.66,Lichtenberg,1500 to 2000,no information,new building,0.0,1.0,Kelleranteil,"Fliesenboden, Parkett",0,0,0,0,0,0,0,0,0,0,1,0,1,0,1,0,0,1,0,0,0,0,1,0,0,0,2023
https://www.immowelt.de/expose/29gg654,Rennbahnstrasse 26,1200.0,3.0,78.0,Pankow,1000 to 1500,no information,old building,0.0,0.0,0,Parkett,0,0,0,0,0,0,0,0,0,0,0,0,1,0,0,0,0,1,0,0,0,1,1,0,0,0,1913
https://www.immowelt.de/expose/29xtm52,Breitkopfstraße 77,679.26,2.0,59.9,Reinickendorf,600 to 1000,no information,well-maintained,0.0,1.0,"Kelleranteil, Abstellraum",0,0,0,0,0,0,0,0,0,0,0,0,0,1,0,0,0,0,1,0,0,0,1,0,0,0,0,1998
https://www.immowelt.de/expose/299rl52,Konrad-Wolf-Straße 101,1838.0,3.0,87.05,Lichtenberg,1500 to 2000,no information,new building,0.0,1.0,"Kelleranteil, Abstellraum","Fliesenboden, Parkett",0,0,0,0,0,0,0,0,0,0,1,1,0,0,1,0,0,1,0,0,0,0,0,0,0,0,2023
https://www.immowelt.de/expose/29wcl52,Konrad-Wolf-Straße 101,1568.0,3.0,74.66,Lichtenberg,1500 to 2000,no information,new building,0.0,1.0,Kelleranteil,"Fliesenboden, Parkett",0,0,0,0,0,0,0,0,0,0,1,0,1,0,1,0,0,1,0,0,0,0,1,0,0,0,2023
https://www.immowelt.de/expose/2xhx84y,Friedenau,2685.0,4.0,158.0,Tempelhof-Schöneberg,2000 to 3000,like new,new building,0.0,1.0,Kelleranteil,Laminat,Kunststofffenster,Satellitenanschluss,0,Fernblick,0,0,0,0,0,0,0,0,1,0,0,0,0,1,0,0,0,0,0,0,0,0,2020
https://www.immowelt.de/expose/2wkeh4b,Mahlower Str. 45,1068.0,3.0,84.0,Treptow-Köpenick,1000 to 1500,no information,first-time-use,0.0,1.0,"Kelleranteil, Abstellraum, Dach ausgebaut",Parkett,0,0,0,0,0,0,0,0,0,0,1,1,1,1,0,0,0,0,0,0,1,1,1,0,0,0,2023
https://www.immowelt.de/expose/29wvn59,Prenzlauer Berg,1200.0,3.0,76.0,Pankow,1000 to 1500,no information,no information,0.0,1.0,Kelleranteil,0,0,0,0,0,0,0,0,0,0,0,0,0,0,0,0,0,0,1,0,0,0,1,0,0,0,0,1998
https://www.immowelt.de/expose/29vmn59,Nantesstraße 75,1199.0,3.0,81.49,Pankow,1000 to 1500,no information,no information,0.0,1.0,0,0,0,0,0,0,0,0,0,0,0,0,0,0,0,0,0,0,0,1,0,0,0,0,0,0,0,0,1974
https://www.immowelt.de/expose/296zl59,Südekumzeile 27a,699.6,2.5,69.89,Spandau,600 to 1000,no information,no information,0.0,1.0,0,0,0,0,0,0,0,0,0,0,0,0,0,0,0,0,0,0,0,1,0,0,0,0,0,0,0,0,1974
https://www.immowelt.de/expose/29zae53,Lindenstraße 28A,500.0,1.0,33.0,Treptow-Köpenick,below 600,furnished,no information,0.0,0.0,0,Estrich,Kunststofffenster,Kabelanschluss,0,0,0,0,0,0,0,0,0,1,0,0,0,0,0,1,1,1,0,0,0,1,0,0,2012
https://www.immowelt.de/expose/2tt4e4t,Reinbeckstraße 4-8,330.0,1.0,15.0,Treptow-Köpenick,below 600,furnished,new building,0.0,1.0,Kelleranteil,0,0,0,0,0,0,0,0,0,0,0,0,0,1,0,1,0,0,0,1,1,1,1,0,0,0,0,2019
https://www.immowelt.de/expose/29t9k59,Mertensstr 13E,1250.0,3.0,72.0,Spandau,1000 to 1500,furnished,new building,0.0,1.0,Kelleranteil,0,0,0,0,0,0,0,0,0,0,0,0,0,1,1,1,1,0,1,0,0,0,1,0,0,1,0,2017
https://www.immowelt.de/expose/299x859,Newtonstraße 3,1650.0,3.5,103.39,Treptow-Köpenick,1500 to 2000,furnished,old building,0.0,0.0,Kelleranteil,0,0,0,0,0,0,0,0,0,0,0,0,0,0,1,0,0,0,1,0,0,0,1,0,0,0,0,1904
https://www.immowelt.de/expose/29dyg59,Charlottenburg,1400.0,2.0,62.0,Charlottenburg-Wilmersdorf,1000 to 1500,no information,first-time-use,0.0,0.0,Kelleranteil,0,0,0,0,0,0,0,0,0,0,0,0,1,0,0,0,0,0,1,0,0,1,1,0,0,0,0,1975
https://www.immowelt.de/expose/299yg59,Baumschulenstr. 93 a/b Au,908.54,2.0,54.08,Treptow-Köpenick,600 to 1000,no information,first-time-use,0.0,0.0,Kelleranteil,Parkett,0,0,0,0,0,0,0,0,0,0,0,1,0,0,0,0,0,1,0,0,0,1,0,0,0,0,2023
https://www.immowelt.de/expose/29yxg59,Baumschulenstr. 93 a/b Au,1132.56,3.0,68.64,Treptow-Köpenick,1000 to 1500,no information,new building,1.0,0.0,Kelleranteil,0,0,0,0,0,0,0,0,0,0,0,0,0,1,0,0,1,0,0,1,1,1,1,0,0,0,0,1998
https://www.immowelt.de/expose/28qun5b,Aubertstrasse 17,725.0,2.0,57.68,Pankow,600 to 1000,no information,well-maintained,0.0,0.0,0,Fliesenboden,0,0,0,0,0,0,0,0,0,0,0,1,0,0,0,0,0,0,0,0,0,0,0,0,0,0,1911
https://www.immowelt.de/expose/29pse59,Charlottenburg,450.0,1.0,36.17,Charlottenburg-Wilmersdorf,below 600,furnished,renovated,0.0,1.0,0,0,0,0,0,0,0,0,0,0,0,0,1,0,1,1,0,0,0,1,0,0,0,1,0,0,0,0,1975
https://www.immowelt.de/expose/29nza52,Prenzlauer Berg,2300.0,2.5,106.0,Pankow,2000 to 3000,no information,no information,0.0,0.0,"Kelleranteil, Abstellraum",0,0,0,0,0,0,0,0,0,0,0,0,0,0,1,1,0,0,0,0,0,0,0,0,0,0,0,1848
https://www.immowelt.de/expose/29vtm59,Oberschöneweide,619.0,1.0,17.7,Treptow-Köpenick,600 to 1000,no information,old building,0.0,0.0,Kelleranteil,0,0,0,0,0,0,0,0,0,0,0,0,0,0,1,0,0,0,1,0,0,0,1,0,0,0,0,1900
https://www.immowelt.de/expose/295hw58,Steglitz,895.0,2.0,55.0,Steglitz-Zehlendorf,600 to 1000,furnished,no information,0.0,0.0,0,0,0,0,0,0,0,0,0,0,0,0,0,0,0,1,0,0,0,0,0,0,0,1,0,0,0,0,1954
https://www.immowelt.de/expose/29auv58,Lichterfelde,430.0,1.0,16.0,Steglitz-Zehlendorf,below 600,no information,first-time-use,0.0,1.0,Kelleranteil,Fliesenboden,0,0,0,0,0,0,0,0,0,0,1,0,0,0,1,0,0,0,0,0,0,1,0,0,0,0,2023
https://www.immowelt.de/expose/29rxt58,Pankow,1335.95,2.0,68.51,Pankow,1000 to 1500,no information,first-time-use,0.0,1.0,Kelleranteil,Fliesenboden,0,0,0,0,0,0,0,0,0,0,1,0,0,0,1,0,0,0,0,0,0,1,0,0,0,0,2023
https://www.immowelt.de/expose/299xt58,Pankow,1910.16,3.0,89.26,Pankow,1500 to 2000,no information,first-time-use,0.0,1.0,Kelleranteil,Fliesenboden,0,0,0,0,0,0,0,0,0,0,1,0,0,0,1,0,0,0,0,0,0,0,0,0,0,0,2023
https://www.immowelt.de/expose/29c8s58,Burgwallstraße 87,1350.0,3.0,72.0,Pankow,1000 to 1500,no information,renovated,0.0,0.0,0,0,0,0,0,0,0,0,0,0,0,0,0,0,0,1,0,0,0,1,0,0,0,1,0,0,1,0,1970
https://www.immowelt.de/expose/29qwr58,Lankwitz,1500.0,2.0,63.0,Steglitz-Zehlendorf,1500 to 2000,"furnished, like new",no information,0.0,1.0,Kelleranteil,0,0,Kabelanschluss,0,0,0,0,0,0,0,0,1,0,0,0,1,0,0,0,0,0,1,1,0,0,0,0,2018
https://www.immowelt.de/expose/29ctr58,Mitte,2700.0,2.0,69.0,Mitte,2000 to 3000,no information,no information,0.0,0.0,"Kelleranteil, Abstellraum",Holzdielen,0,0,0,0,0,0,0,0,0,0,0,0,0,0,0,0,0,0,0,0,0,0,0,0,0,0,1910
https://www.immowelt.de/expose/29dep58,Wartenberger Straße 40A,835.0,2.0,63.47,Lichtenberg,600 to 1000,no information,well-maintained,0.0,1.0,0,0,0,0,0,0,0,0,0,0,0,0,0,0,1,0,0,0,0,1,0,0,0,0,0,0,0,0,1970
https://www.immowelt.de/expose/29v2n58,Graf Haeseler Str. 29,900.0,3.0,68.0,Reinickendorf,600 to 1000,no information,no information,0.0,0.0,"Kelleranteil, Abstellraum",Holzdielen,0,0,0,0,0,0,0,0,0,0,0,0,0,1,0,0,0,0,0,0,0,1,0,0,0,0,1910
https://www.immowelt.de/expose/29y6n58,Steglitz,1600.0,2.0,57.0,Steglitz-Zehlendorf,1500 to 2000,no information,first-time-use,0.0,1.0,Kelleranteil,0,0,0,0,0,0,0,0,0,0,0,0,0,0,0,0,0,0,1,0,0,0,1,0,0,0,0,2022
https://www.immowelt.de/expose/295cm58,Spandau,1260.0,2.0,64.61,Spandau,1000 to 1500,no information,old building,1.0,0.0,Kelleranteil,0,0,0,0,0,0,0,0,0,0,0,0,0,1,1,0,0,1,1,1,1,0,1,0,0,0,0,1900
https://www.immowelt.de/expose/296ad52,Choriner Straße 57,1750.0,2.5,60.0,Pankow,1500 to 2000,furnished,new building,0.0,0.0,0,0,0,0,0,0,0,0,0,0,0,0,0,0,0,0,0,1,0,0,0,0,0,1,0,0,1,0,2022
https://www.immowelt.de/expose/29ltm59,Mitte,1699.0,2.0,53.5,Mitte,1500 to 2000,no information,well-maintained,0.0,0.0,"Kelleranteil, Abstellraum",0,0,0,0,0,0,0,0,0,0,0,0,0,0,0,0,0,0,1,0,0,0,1,0,0,0,0,2018
https://www.immowelt.de/expose/29gv858,Martin-Riesenburger-Straße 36,940.0,3.0,79.87,Marzahn-Hellersdorf,600 to 1000,furnished,no information,0.0,0.0,Kelleranteil,Parkett,0,0,0,0,0,0,0,0,0,0,0,0,0,0,0,0,0,1,0,0,0,1,0,0,0,0,2017
https://www.immowelt.de/expose/29cq558,Reichenberger Str. 33A,550.52,3.0,91.93,Friedrichshain-Kreuzberg,below 600,furnished,no information,0.0,0.0,0,Parkett,0,0,0,0,0,0,0,0,0,0,0,1,1,1,0,0,0,1,1,1,0,1,0,0,0,0,1975
https://www.immowelt.de/expose/29vv458,Lichterfelde,1000.0,2.0,77.0,Steglitz-Zehlendorf,1000 to 1500,like new,no information,0.0,1.0,0,"Fliesenboden, Parkett",0,0,0,0,0,0,0,0,0,0,0,1,1,0,0,0,0,1,1,0,1,0,0,0,0,0,2017
https://www.immowelt.de/expose/29bv258,Albrecht-Achilles-Straße 65 Berlin-Wilmerdorf (Wilmersdorf),2075.0,3.0,106.0,Charlottenburg-Wilmersdorf,2000 to 3000,no information,new building,0.0,0.0,Kelleranteil,"Fliesenboden, Kunststoffboden","Holzfenster, Kunststofffenster",0,0,Fernblick,0,0,0,0,0,0,0,0,1,1,0,0,0,0,0,0,1,1,0,0,0,0,1997
https://www.immowelt.de/expose/29uzz57,Tiriotstr. 43,470.0,2.0,52.46,Pankow,below 600,no information,renovated,0.0,0.0,0,0,0,0,0,0,0,0,0,0,0,0,0,0,1,1,0,0,0,1,0,0,0,1,0,0,0,0,1910
https://www.immowelt.de/expose/2zl6346,Wühlischstr. 56,1105.0,3.0,86.85,Friedrichshain-Kreuzberg,1000 to 1500,no information,new building,0.0,1.0,Kelleranteil,"Fliesenboden, Linoleum",Kunststofffenster,0,0,Fernblick,1,0,0,0,0,0,0,0,0,0,0,0,0,0,0,0,0,0,0,0,0,0,1998
https://www.immowelt.de/expose/29zhy57,Arnouxstraße 12,463.0,1.5,45.43,Pankow,below 600,no information,new building,0.0,0.0,Kelleranteil,"Fliesenboden, Linoleum",Kunststofffenster,0,0,Fernblick,1,0,0,0,0,0,0,0,1,0,0,0,0,0,0,0,0,0,0,0,0,0,1997
https://www.immowelt.de/expose/29u6y57,Kalvinistenweg 37,490.0,1.5,48.04,Pankow,below 600,no information,well-maintained,0.0,0.0,Kelleranteil,0,0,0,0,0,0,0,0,0,0,0,0,0,0,0,0,0,0,1,0,0,0,0,0,0,0,0,1995
https://www.immowelt.de/expose/29wpw57,Tiergarten,3350.0,3.0,110.97,Mitte,over 3000,no information,new building,0.0,0.0,Abstellraum,Parkett,Holzfenster,0,0,Fernblick,0,0,0,0,0,0,0,0,1,0,0,0,0,1,0,0,0,1,0,0,0,0,2019
https://www.immowelt.de/expose/29uev57,Köpenick,1440.0,3.0,72.0,Treptow-Köpenick,1000 to 1500,furnished,old building,0.0,0.0,Kelleranteil,0,0,0,0,0,0,0,0,0,0,0,0,0,1,1,0,0,0,1,1,1,0,1,0,0,0,0,1900
https://www.immowelt.de/expose/292ru57,Lichtenberg,1900.0,3.0,106.0,Lichtenberg,1500 to 2000,no information,renovated,0.0,0.0,Kelleranteil,0,0,0,0,0,0,0,0,0,0,0,1,0,1,1,0,0,0,1,1,1,1,1,0,0,0,0,2017
https://www.immowelt.de/expose/29nz257,Maximilianstr 16,1593.0,2.5,99.0,Lichtenberg,1500 to 2000,furnished,no information,0.0,0.0,Kelleranteil,0,0,0,0,0,0,0,0,0,0,0,0,0,1,1,0,0,0,1,1,0,0,1,0,0,0,0,1955
https://www.immowelt.de/expose/28esc5y,Wilmersdorf,1600.0,2.0,70.0,Charlottenburg-Wilmersdorf,1500 to 2000,no information,renovated,1.0,1.0,Kelleranteil,Laminat,Kunststofffenster,"DSL-Anschluss, Kabelanschluss",0,"Fernblick, Seeblick",0,0,0,0,0,0,0,1,1,0,0,0,0,1,0,0,0,1,0,0,0,0,1997
https://www.immowelt.de/expose/29mqr57,Grünau,1000.0,2.0,70.0,Treptow-Köpenick,1000 to 1500,no information,old building,0.0,1.0,Kelleranteil,0,0,0,0,0,0,0,0,0,0,0,1,0,1,1,0,1,0,1,0,0,0,1,0,0,0,0,1900
https://www.immowelt.de/expose/29rln57,Leibnizstraße 62,2950.0,5.0,194.0,Charlottenburg-Wilmersdorf,2000 to 3000,no information,new building,0.0,0.0,0,0,0,0,0,0,0,0,0,0,0,0,0,0,0,1,0,1,0,0,1,0,1,0,0,0,0,0,2022
https://www.immowelt.de/expose/29msn57,Biesdorf,1040.0,2.0,65.4,Marzahn-Hellersdorf,1000 to 1500,furnished,new building,1.0,1.0,0,0,0,0,0,0,0,0,0,0,0,0,0,0,1,0,1,1,0,1,1,1,0,1,0,0,0,0,2022
https://www.immowelt.de/expose/29zem57,Mitte,2400.0,2.0,76.0,Mitte,2000 to 3000,no information,new building,0.0,1.0,Kelleranteil,0,0,0,0,0,0,0,0,0,0,0,1,0,1,1,1,0,1,1,0,0,0,0,0,0,1,0,2023
https://www.immowelt.de/expose/2955k57,Gustav-Tempel-Str. 8,2600.0,3.0,113.0,Lichtenberg,2000 to 3000,furnished,old building,0.0,0.0,0,0,0,0,0,0,0,0,0,0,0,0,0,0,0,0,0,0,0,0,1,1,0,1,0,0,0,0,1890
https://www.immowelt.de/expose/29ete57,Karl-Marx-Str. 220,850.0,2.0,50.0,Neukölln,600 to 1000,no information,no information,0.0,1.0,Kelleranteil,0,0,0,0,0,1,0,0,0,0,0,0,0,0,0,0,0,0,0,0,0,0,1,0,0,0,0,1975
https://www.immowelt.de/expose/29qm857,Tiergarten,2300.0,2.0,64.0,Mitte,2000 to 3000,no information,new building,0.0,1.0,0,0,0,0,0,0,0,0,0,0,0,0,0,0,1,0,0,0,0,1,0,0,0,1,0,0,0,0,2014
https://www.immowelt.de/expose/29e8b54,Flottwellstraße 19,1010.96,1.5,61.27,Mitte,1000 to 1500,furnished,old building,0.0,0.0,Kelleranteil,0,0,0,0,0,0,0,0,0,0,0,0,0,1,1,0,0,0,0,0,0,0,1,0,0,0,0,1940
https://www.immowelt.de/expose/29pw257,Bernkastler Strasse 23,850.0,1.0,40.5,Steglitz-Zehlendorf,600 to 1000,no information,new building,0.0,0.0,Abstellraum,"Fliesenboden, Parkett",0,Kabelanschluss,0,0,0,0,0,0,0,0,0,1,0,0,0,0,0,1,1,1,1,1,0,0,0,0,2022
https://www.immowelt.de/expose/297jy56,Bossestraße 7,1699.0,2.0,65.33,Friedrichshain-Kreuzberg,1500 to 2000,like new,no information,0.0,1.0,Kelleranteil,0,0,0,0,0,0,0,0,0,0,0,0,0,0,0,0,0,0,0,0,0,1,0,1,0,0,0,2019
https://www.immowelt.de/expose/29ywy56,Quedlinburger Straße 36,699.0,3.0,69.8,Marzahn-Hellersdorf,600 to 1000,no information,no information,0.0,0.0,Kelleranteil,0,0,0,0,0,0,0,0,0,0,0,0,0,0,0,0,0,0,1,0,0,0,0,0,0,0,0,1997
https://www.immowelt.de/expose/298vy56,Quedlinburger Straße 16,769.0,3.0,73.05,Marzahn-Hellersdorf,600 to 1000,no information,no information,0.0,0.0,Kelleranteil,0,0,0,0,0,0,0,0,0,0,0,0,0,0,0,0,0,0,1,0,0,0,0,0,0,0,0,1996
https://www.immowelt.de/expose/29wqy56,Kastanienallee 72,489.0,1.0,34.38,Marzahn-Hellersdorf,below 600,no information,well-maintained,0.0,1.0,Kelleranteil,0,0,0,0,0,0,0,0,0,0,0,0,0,0,0,0,0,0,1,0,0,0,0,0,0,0,0,1986
https://www.immowelt.de/expose/298ky56,Havelländer Ring 66,469.0,1.0,40.95,Marzahn-Hellersdorf,below 600,no information,well-maintained,0.0,0.0,Kelleranteil,0,0,0,0,0,0,0,0,0,0,0,0,0,0,0,0,0,0,1,0,0,0,0,0,0,0,0,1986
https://www.immowelt.de/expose/29wfy56,Havelländer Ring 65,659.0,3.0,53.92,Marzahn-Hellersdorf,600 to 1000,no information,renovated,0.0,0.0,Kelleranteil,0,0,0,0,0,0,0,0,0,0,0,0,0,0,0,0,0,0,1,0,0,0,0,0,0,0,0,1986
https://www.immowelt.de/expose/29uay56,Havelländer Ring 61,689.0,3.0,53.92,Marzahn-Hellersdorf,600 to 1000,no information,no information,0.0,1.0,"Kelleranteil, Abstellraum","Holzdielen, Fliesenboden",Kunststofffenster,DVB-T/Antenne,0,0,0,0,0,0,0,0,0,0,0,1,0,0,0,1,0,0,0,0,0,0,0,0,1900
https://www.immowelt.de/expose/29ray56,Schonensche Straße 43,1634.03,3.0,92.0,Pankow,1500 to 2000,no information,well-maintained,0.0,1.0,Kelleranteil,0,0,0,0,0,0,0,0,0,0,0,0,0,0,0,0,0,0,1,0,0,0,0,0,0,0,0,1986
https://www.immowelt.de/expose/29r5y56,Havelländer Ring 23,459.0,1.0,33.54,Marzahn-Hellersdorf,below 600,no information,no information,0.0,1.0,Kelleranteil,0,0,0,0,0,0,0,0,0,0,0,0,0,0,0,0,0,0,1,0,0,0,0,0,0,0,0,1986
https://www.immowelt.de/expose/29v2y56,Kastanienallee 124,479.0,1.0,35.69,Marzahn-Hellersdorf,below 600,no information,renovated,0.0,0.0,Kelleranteil,0,0,0,0,0,0,0,0,0,0,0,0,0,0,0,0,0,0,1,0,0,0,0,0,0,0,0,1986
https://www.immowelt.de/expose/299ux56,Stendaler Straße 93,669.0,3.0,54.5,Marzahn-Hellersdorf,600 to 1000,no information,no information,0.0,0.0,0,0,0,0,0,0,0,0,0,0,0,0,0,0,0,0,0,0,0,0,0,0,0,1,0,0,1,0,2022
https://www.immowelt.de/expose/29tuv56,Rahnsdorf,1380.0,3.0,76.0,Treptow-Köpenick,1000 to 1500,no information,no information,0.0,0.0,0,0,0,0,0,0,0,0,0,0,0,0,0,0,0,0,0,0,0,0,0,0,0,1,0,0,1,0,2022
https://www.immowelt.de/expose/296bv56,Rahnsdorf,999.0,2.0,56.0,Treptow-Köpenick,600 to 1000,no information,no information,0.0,0.0,Kelleranteil,Kunststoffboden,0,0,0,0,0,0,0,0,0,0,0,0,1,0,0,0,0,1,0,0,1,0,0,0,0,0,1975
https://www.immowelt.de/expose/297qu56,Friedrichshain,415.0,2.0,54.0,Friedrichshain-Kreuzberg,below 600,furnished,old building,0.0,0.0,Kelleranteil,0,0,0,0,0,0,0,0,0,0,0,1,1,0,1,0,0,0,0,1,1,0,1,0,0,0,0,1900
https://www.immowelt.de/expose/29l7r56,Mühlenstraße 35,1400.0,3.0,88.0,Pankow,1000 to 1500,no information,new building,0.0,1.0,"Kelleranteil, Abstellraum","Fliesenboden, Parkett",Kunststofffenster,0,0,Fernblick,0,0,0,0,0,0,0,1,1,1,0,0,0,0,0,0,1,0,0,0,0,0,2020
https://www.immowelt.de/expose/29qun56,Simon-Bolivar-Str. 6,1391.0,3.0,83.05,Lichtenberg,1000 to 1500,no information,no information,0.0,0.0,Kelleranteil,0,0,0,0,0,0,0,0,0,0,0,0,0,0,0,0,0,0,0,0,0,0,1,0,0,0,0,1998
https://www.immowelt.de/expose/29nrn56,Münchehagenstraße 42,649.0,2.0,47.94,Pankow,600 to 1000,no information,no information,0.0,1.0,Kelleranteil,0,0,0,0,0,0,0,0,0,0,0,1,0,0,0,0,0,0,1,0,0,0,1,0,0,0,0,1998
https://www.immowelt.de/expose/29tdn56,Nantesstraße 70,1349.0,4.0,103.33,Pankow,1000 to 1500,no information,no information,0.0,1.0,Kelleranteil,0,0,0,0,0,0,0,0,0,0,0,0,0,0,0,0,0,0,1,0,0,0,1,0,0,0,0,1996
https://www.immowelt.de/expose/2973n56,Guyotstraße 25,1149.0,3.0,78.44,Pankow,1000 to 1500,no information,new building,0.0,0.0,0,0,0,0,0,0,0,0,0,0,0,0,0,0,0,1,0,0,1,1,1,1,0,0,0,0,1,0,2023
https://www.immowelt.de/expose/299jm56,Weissenhöher Straße 50,1325.0,3.0,75.0,Marzahn-Hellersdorf,1000 to 1500,furnished,no information,0.0,1.0,0,0,0,0,0,0,0,0,0,0,0,0,0,0,1,0,0,0,0,1,0,0,0,1,0,0,0,0,1975
https://www.immowelt.de/expose/28d8l5y,Wilmersdorf,1390.0,2.0,56.0,Charlottenburg-Wilmersdorf,1000 to 1500,like new,no information,0.0,1.0,0,0,0,0,0,0,0,0,0,0,0,0,0,0,0,0,0,0,0,1,0,0,0,1,0,0,0,0,1975
https://www.immowelt.de/expose/29txc56,Simon-Bolivar-Straße 30A,1099.0,3.0,82.8,Lichtenberg,1000 to 1500,no information,no information,0.0,1.0,0,0,0,0,0,0,0,0,0,0,0,0,0,0,0,0,0,0,0,1,1,0,0,0,0,0,0,0,1975
https://www.immowelt.de/expose/29awc56,Simon-Bolivar-Straße 28,909.0,2.0,67.37,Lichtenberg,600 to 1000,no information,well-maintained,0.0,1.0,Kelleranteil,0,0,0,0,0,0,0,0,0,0,0,0,0,0,0,0,0,0,1,0,0,0,0,0,0,0,0,1984
https://www.immowelt.de/expose/299wc56,Rhinstraße 9,519.0,1.0,36.94,Lichtenberg,below 600,no information,no information,0.0,1.0,0,0,0,0,0,0,0,0,0,0,0,0,0,0,0,0,0,0,0,1,0,0,0,1,0,0,0,0,1975
https://www.immowelt.de/expose/297wc56,Simon-Bolivar-Straße 23,899.0,2.0,65.5,Lichtenberg,600 to 1000,no information,no information,0.0,1.0,0,0,0,0,0,0,0,0,0,0,0,0,0,0,0,0,0,0,0,1,0,0,0,1,0,0,0,0,1994
https://www.immowelt.de/expose/296wc56,Simon-Bolivar-Straße 18A,899.0,2.0,64.0,Lichtenberg,600 to 1000,no information,no information,0.0,0.0,0,0,0,0,0,0,0,0,0,0,0,0,0,0,0,0,0,0,0,0,0,0,0,1,0,0,0,0,1929
https://www.immowelt.de/expose/29b2956,Ritterstr. 95,505.0,2.0,57.0,Friedrichshain-Kreuzberg,below 600,no information,old building,0.0,0.0,Kelleranteil,0,0,0,0,0,0,0,0,0,0,0,0,0,0,1,0,0,0,0,0,0,0,1,0,0,0,0,1905
https://www.immowelt.de/expose/29dsz55,Cornelius-Fredericks-Str. 9,980.0,1.5,49.0,Mitte,600 to 1000,like new,no information,0.0,0.0,Kelleranteil,Parkett,0,0,0,0,0,0,0,0,0,0,1,1,1,0,0,0,0,0,0,0,0,1,1,0,0,0,2020
https://www.immowelt.de/expose/2967856,Kladow,2150.0,4.0,107.73,Spandau,2000 to 3000,no information,new building,1.0,1.0,0,0,0,0,0,0,0,0,0,0,0,0,0,0,0,1,1,1,0,1,0,0,0,1,0,0,0,0,2019
https://www.immowelt.de/expose/29ukt53,Prühßstraße 13 + 15,1353.71,2.0,71.79,Tempelhof-Schöneberg,1000 to 1500,no information,no information,0.0,1.0,Kelleranteil,0,0,0,0,0,1,0,0,0,0,0,0,0,0,0,0,0,0,0,0,0,0,1,0,0,0,0,1975
https://www.immowelt.de/expose/2984756,Tiergarten,2300.0,2.0,64.0,Mitte,2000 to 3000,no information,old building,0.0,0.0,Kelleranteil,0,0,0,0,0,0,0,0,0,0,0,0,0,1,1,0,0,0,0,0,0,1,1,0,0,0,1,1953
https://www.immowelt.de/expose/28h755k,Ilmenauer Straße 4,2000.0,4.0,115.0,Charlottenburg-Wilmersdorf,2000 to 3000,like new,no information,0.0,1.0,0,0,0,0,0,0,0,0,0,0,0,0,0,0,0,0,0,0,0,1,0,0,0,0,0,0,0,0,2018
https://www.immowelt.de/expose/29jn456,Mitte,1957.0,2.0,71.09,Mitte,1500 to 2000,like new,no information,0.0,1.0,0,0,0,0,0,0,0,0,0,0,0,0,0,0,0,0,0,0,0,1,0,0,0,0,0,0,0,0,2018
https://www.immowelt.de/expose/29pf456,Grünhofer Weg 34,1300.0,3.0,91.57,Spandau,1000 to 1500,furnished,old building,0.0,0.0,Kelleranteil,0,0,0,0,0,0,0,0,0,0,0,0,0,1,1,0,0,0,1,0,0,0,1,0,0,0,0,1902
https://www.immowelt.de/expose/29mz356,Friedrichshain,1400.0,2.0,82.0,Friedrichshain-Kreuzberg,1000 to 1500,like new,no information,0.0,1.0,0,0,0,0,0,0,0,0,0,0,0,0,0,0,0,0,0,0,0,0,0,0,0,1,0,0,0,0,2022
https://www.immowelt.de/expose/29r6456,Lützowstrasse 111,1299.0,1.0,48.28,Mitte,1000 to 1500,no information,well-maintained,0.0,1.0,Kelleranteil,0,0,0,0,0,0,0,0,0,0,0,0,0,1,1,0,0,0,1,0,0,0,0,0,0,0,0,1986
https://www.immowelt.de/expose/29by356,Grillparzerstraße 4a,1405.6,3.0,107.38,Steglitz-Zehlendorf,1000 to 1500,no information,renovated,0.0,0.0,Kelleranteil,0,0,0,0,0,0,0,0,0,0,0,1,1,0,1,0,0,1,1,1,1,0,1,0,0,0,0,1975
https://www.immowelt.de/expose/289m65y,Mariendorf,1300.0,2.0,80.0,Tempelhof-Schöneberg,1000 to 1500,no information,old building,0.0,0.0,0,0,0,0,0,0,0,0,0,0,0,0,0,0,0,1,0,0,0,0,0,0,0,1,0,0,0,0,1936
https://www.immowelt.de/expose/29mb256,Fritz-Reuter-Straße 1,865.67,2.0,66.59,Tempelhof-Schöneberg,600 to 1000,like new,no information,0.0,0.0,Kelleranteil,"Fliesenboden, Parkett",0,0,0,0,0,0,0,0,0,0,0,0,0,0,0,0,0,0,0,0,1,1,0,0,1,0,1888
https://www.immowelt.de/expose/29yvu55,Kreuzberg,3800.0,4.0,214.0,Friedrichshain-Kreuzberg,over 3000,furnished,renovated,0.0,1.0,0,0,0,0,0,0,0,0,0,0,0,0,0,0,1,0,0,0,0,1,0,0,0,1,0,0,1,0,1975
https://www.immowelt.de/expose/29ect55,Meller Bogen 14,861.0,1.0,30.6,Reinickendorf,600 to 1000,furnished,no information,0.0,1.0,Kelleranteil,Parkett,0,0,0,0,0,0,0,0,0,0,0,0,0,0,0,0,0,0,0,0,0,1,0,0,0,0,1912
https://www.immowelt.de/expose/294kp55,Schmargendorf,3900.0,6.0,206.0,Charlottenburg-Wilmersdorf,over 3000,like new,no information,0.0,1.0,0,0,0,0,0,0,0,0,0,0,0,0,0,0,0,0,0,1,0,1,0,0,0,1,0,0,0,0,2019
https://www.immowelt.de/expose/298xl55,Regattastraße 80a,588.0,1.5,43.0,Treptow-Köpenick,below 600,no information,no information,0.0,1.0,Kelleranteil,Laminat,0,0,0,0,0,0,0,0,0,0,1,0,1,0,0,0,0,1,0,0,1,1,0,0,1,0,1975
https://www.immowelt.de/expose/2964k55,Lichtenberg,990.0,4.0,97.0,Lichtenberg,600 to 1000,no information,well-maintained,0.0,0.0,0,0,0,0,0,0,0,0,0,0,0,0,0,0,0,0,0,0,0,0,0,0,0,1,0,0,0,0,1975
https://www.immowelt.de/expose/29vub55,Neue Bahnhofstraße 26b,1563.7,2.0,82.3,Friedrichshain-Kreuzberg,1500 to 2000,no information,no information,0.0,0.0,0,"Fliesenboden, Laminat",0,0,0,0,0,0,0,0,0,0,0,0,0,0,0,0,0,0,1,0,0,0,0,0,0,0,2017
https://www.immowelt.de/expose/2925a55,Wilhelmsmühlenweg 198,1075.0,2.0,70.5,Marzahn-Hellersdorf,1000 to 1500,furnished,new building,0.0,1.0,Kelleranteil,0,0,0,0,0,0,0,0,0,0,0,0,0,0,0,1,1,0,1,0,0,0,1,0,0,0,0,2023
https://www.immowelt.de/expose/29dwm59,Oberschöneweide,602.0,1.0,17.3,Treptow-Köpenick,600 to 1000,no information,first-time-use,0.0,1.0,0,0,0,0,0,0,0,0,0,0,0,0,0,0,0,0,0,0,0,0,0,0,1,1,0,0,0,0,2022
https://www.immowelt.de/expose/29qeu54,Treskowstraße 21,890.0,1.0,44.37,Pankow,600 to 1000,no information,first-time-use,0.0,0.0,0,0,0,0,0,0,0,0,0,0,0,0,0,0,0,0,0,0,0,0,0,0,1,1,0,0,0,0,2022
https://www.immowelt.de/expose/29heu54,Treskowstraße 24,1190.0,2.0,59.21,Pankow,1000 to 1500,no information,first-time-use,0.0,1.0,Kelleranteil,0,0,0,0,0,0,0,0,0,0,0,0,0,0,0,0,0,0,1,0,0,0,1,0,0,0,0,2022
https://www.immowelt.de/expose/294pp55,Treskowstr. 21,1300.0,1.0,34.0,Pankow,1000 to 1500,no information,no information,1.0,1.0,Kelleranteil,Parkett,0,0,0,0,0,0,0,0,0,0,0,0,0,0,1,0,0,1,0,0,1,1,0,0,1,0,1975
https://www.immowelt.de/expose/29wdk54,Alt-Treptow,735.0,1.5,46.0,Treptow-Köpenick,600 to 1000,no information,no information,1.0,0.0,0,Holzdielen,0,0,0,0,0,0,0,0,0,0,0,0,0,0,0,0,0,0,1,0,0,0,0,0,0,0,1975
https://www.immowelt.de/expose/29z8k54,Mariendorf,450.0,2.0,55.0,Tempelhof-Schöneberg,below 600,no information,no information,1.0,1.0,0,"Holzdielen, Fliesenboden, Parkett",0,0,0,0,0,0,0,0,0,0,0,0,1,0,0,0,0,1,0,0,1,1,0,0,1,0,1975
https://www.immowelt.de/expose/2954k54,Wedding,690.0,2.0,68.0,Mitte,600 to 1000,furnished,renovated,0.0,0.0,Kelleranteil,0,0,0,0,0,0,0,0,0,0,0,0,0,1,1,0,0,1,1,0,0,0,1,0,0,0,0,1927
https://www.immowelt.de/expose/295cj54,Schöneberg,2000.0,2.5,66.0,Tempelhof-Schöneberg,2000 to 3000,no information,new building,0.0,1.0,0,0,0,0,0,0,0,0,0,0,0,0,1,1,0,1,1,1,0,0,0,0,1,1,0,0,1,0,2013
https://www.immowelt.de/expose/29csh54,Wittenau,2000.0,3.0,119.0,Reinickendorf,2000 to 3000,no information,new building,0.0,0.0,Kelleranteil,0,0,0,0,0,0,0,0,0,0,0,0,0,1,1,0,0,0,0,0,0,0,1,0,0,0,0,1958
https://www.immowelt.de/expose/29tvm59,Oberschöneweide,622.0,1.0,21.5,Treptow-Köpenick,600 to 1000,no information,new building,0.0,0.0,0,0,0,0,0,0,0,0,0,0,0,0,0,0,1,1,0,0,1,1,0,0,1,0,0,0,0,0,2022
https://www.immowelt.de/expose/28feq5f,Biesdorf,1600.0,2.5,102.0,Marzahn-Hellersdorf,1500 to 2000,"furnished, like new",no information,0.0,1.0,0,0,0,0,0,0,0,0,0,0,0,0,0,0,0,0,0,0,0,0,0,0,0,1,0,0,0,0,2020
https://www.immowelt.de/expose/29sz354,Lehrter Straße 24b,1245.0,1.0,29.0,Mitte,1000 to 1500,no information,no information,0.0,1.0,0,0,0,0,0,0,0,0,0,0,0,0,0,0,0,0,0,0,0,0,0,0,0,0,0,0,0,0,1900
https://www.immowelt.de/expose/294z354,Meraner Str. 12,2938.54,6.0,198.0,Tempelhof-Schöneberg,2000 to 3000,no information,new building,0.0,0.0,0,0,0,0,0,0,0,0,0,0,0,0,1,0,1,1,0,0,0,1,1,0,1,0,0,0,0,0,2022
https://www.immowelt.de/expose/28z8f5q,Biesdorf,2290.0,4.0,143.43,Marzahn-Hellersdorf,2000 to 3000,no information,no information,0.0,1.0,0,0,0,0,0,0,0,0,0,0,0,0,0,0,0,0,0,0,0,0,0,0,0,0,0,0,0,0,1906
https://www.immowelt.de/expose/29am354,Rykestr. 50,1566.52,2.0,49.24,Pankow,1500 to 2000,furnished,no information,1.0,0.0,Kelleranteil,0,0,0,0,0,0,0,0,0,0,0,0,0,1,1,0,0,0,1,0,0,0,1,0,0,1,0,1965
https://www.immowelt.de/expose/29qpx53,Britz,700.0,2.0,60.0,Neukölln,600 to 1000,"furnished, like new",no information,0.0,1.0,Kelleranteil,"Fliesenboden, Parkett",0,0,0,0,0,0,0,0,0,0,0,0,0,0,0,0,0,1,0,0,0,1,0,0,0,0,1874
https://www.immowelt.de/expose/297bv53,Bergstraße 68,2180.0,2.0,73.0,Mitte,2000 to 3000,no information,first-time-use,0.0,1.0,Kelleranteil,Parkett,0,0,0,0,0,0,0,0,0,0,0,1,1,1,0,0,0,1,0,0,0,1,0,0,0,0,2022
https://www.immowelt.de/expose/297mu58,Wittenau,1720.0,3.0,82.0,Reinickendorf,1500 to 2000,no information,first-time-use,0.0,1.0,"Kelleranteil, Abstellraum",Parkett,0,0,0,0,0,0,0,0,0,0,0,0,1,0,0,1,0,0,1,0,0,1,0,0,0,0,2020
https://www.immowelt.de/expose/29c9u53,Mitte,1250.0,2.0,47.62,Mitte,1000 to 1500,no information,old building,0.0,0.0,0,0,0,0,0,0,0,0,0,0,0,0,0,0,0,1,0,0,1,0,0,0,0,1,0,0,0,0,1910
https://www.immowelt.de/expose/22lzy5z,Neukölln,1960.0,3.5,106.0,Neukölln,1500 to 2000,no information,no information,0.0,1.0,Kelleranteil,0,0,0,0,0,0,0,0,0,0,0,0,0,0,0,0,0,0,0,0,0,0,0,0,0,0,0,1986
https://www.immowelt.de/expose/29qjb53,Kastanienallee 32,629.0,2.0,53.98,Marzahn-Hellersdorf,600 to 1000,no information,first-time-use,0.0,0.0,0,Kunststoffboden,0,0,0,0,0,0,0,0,0,0,0,1,1,1,0,0,1,0,0,0,0,0,0,0,0,0,2023
https://www.immowelt.de/expose/297u753,Karlshorst,3135.0,4.0,165.0,Lichtenberg,over 3000,no information,no information,0.0,0.0,0,0,0,0,0,0,0,1,0,0,0,0,0,0,0,0,0,0,0,0,0,0,0,0,0,0,0,0,1907
https://www.immowelt.de/expose/29lfw56,Charlottenburg,1600.0,2.0,52.4,Charlottenburg-Wilmersdorf,1500 to 2000,no information,new building,0.0,0.0,"Kelleranteil, Abstellraum","Fliesenboden, Laminat",Kunststofffenster,0,0,Fernblick,1,0,0,0,0,0,1,0,1,0,0,0,0,0,0,0,0,0,0,0,0,0,1996
https://www.immowelt.de/expose/299rp52,Groß-Berliner-Damm 27,1198.0,4.0,100.19,Treptow-Köpenick,1000 to 1500,furnished,renovated,0.0,1.0,Kelleranteil,"Fliesenboden, Laminat",Kunststofffenster,0,0,Fernblick,0,0,0,0,0,0,0,0,0,1,0,0,0,1,0,0,0,1,1,0,0,0,1958
https://www.immowelt.de/expose/29xvm59,Marienfelde,898.0,1.0,30.0,Tempelhof-Schöneberg,600 to 1000,like new,no information,0.0,1.0,Kelleranteil,"Fliesenboden, Parkett",0,0,0,0,0,0,0,0,0,0,1,0,0,0,0,0,0,1,0,0,0,1,0,0,1,0,1906
https://www.immowelt.de/expose/29qla53,Monbijoustraße 3/5,9850.0,8.0,375.0,Mitte,over 3000,no information,new building,0.0,1.0,Abstellraum,"Fliesenboden, Parkett",Kunststofffenster,"DSL-Anschluss, Kabelanschluss",0,Fernblick,0,0,0,0,0,0,0,0,0,0,1,0,0,0,1,1,1,1,1,0,0,0,2021
https://www.immowelt.de/expose/29q4a52,Alt-Reinickendorf 54,999.0,1.0,27.75,Reinickendorf,600 to 1000,no information,well-maintained,0.0,1.0,Kelleranteil,"Fliesenboden, Parkett",0,0,0,0,0,0,0,0,0,0,0,1,1,0,0,0,0,1,1,0,0,0,0,0,0,0,2015
https://www.immowelt.de/expose/29vp952,Tiergarten,1782.0,2.0,81.0,Mitte,1500 to 2000,like new,no information,0.0,1.0,Kelleranteil,"Fliesenboden, Steinboden",0,0,0,0,0,0,0,0,0,0,0,0,0,0,0,0,0,1,0,0,0,1,0,0,0,0,2014
https://www.immowelt.de/expose/29rg752,Pettenkoferstraße 12,2800.0,2.0,118.0,Friedrichshain-Kreuzberg,2000 to 3000,no information,no information,0.0,0.0,0,0,0,0,0,0,0,0,0,0,0,0,0,0,0,0,0,0,0,0,0,0,0,1,0,0,0,0,1905
https://www.immowelt.de/expose/29t6352,Kaiserin-Augusta-Allee 103,699.0,2.0,60.0,Mitte,600 to 1000,furnished,new building,0.0,0.0,Kelleranteil,0,0,0,0,0,0,0,0,0,0,0,0,0,0,0,0,0,0,0,1,0,1,1,0,0,1,0,2000
https://www.immowelt.de/expose/28zhr5u,Spießweg 102,1800.0,3.5,95.0,Reinickendorf,1500 to 2000,furnished,no information,0.0,1.0,0,Parkett,Aluminiumfenster,0,0,0,0,0,0,0,0,0,0,1,0,0,0,0,0,1,0,0,0,0,0,0,0,0,2020
https://www.immowelt.de/expose/28nkv5z,Auerstraße 47,1700.0,3.0,66.0,Friedrichshain-Kreuzberg,1500 to 2000,no information,new building,0.0,1.0,Kelleranteil,"Fliesenboden, Parkett",Kunststofffenster,0,0,Fernblick,0,0,0,0,0,0,0,1,0,0,0,0,0,0,1,1,1,0,0,0,0,0,2020
https://www.immowelt.de/expose/28bkv5z,Simon-Bolivar-Str. 5,858.94,1.5,51.28,Lichtenberg,600 to 1000,no information,well-maintained,0.0,0.0,0,0,0,0,0,0,0,0,0,0,0,0,0,0,1,0,0,0,0,1,0,0,0,0,0,0,0,0,1997
https://www.immowelt.de/expose/28l7t5z,Salvador-Allende-Str. 76 L -,449.0,2.0,46.46,Treptow-Köpenick,below 600,no information,new building,0.0,1.0,Kelleranteil,"Fliesenboden, Parkett",Kunststofffenster,0,0,Fernblick,0,0,0,0,0,0,0,1,0,0,0,0,0,0,1,1,1,0,0,0,0,0,2020
https://www.immowelt.de/expose/28z6t5z,Küstriner Str. 26,1046.88,2.0,62.5,Lichtenberg,1000 to 1500,no information,well-maintained,0.0,0.0,0,0,0,0,0,0,0,0,0,0,0,0,0,0,1,0,0,0,0,1,0,0,0,1,0,0,0,0,1997
https://www.immowelt.de/expose/28p3t5z,Salvador-Allende-Str. 76 A -,550.0,2.0,57.33,Treptow-Köpenick,below 600,no information,no information,0.0,0.0,0,0,0,0,0,0,0,0,0,0,0,0,0,0,0,0,0,0,0,0,0,0,0,1,0,0,0,0,1905
https://www.immowelt.de/expose/28hys5z,Kaiserin-Augusta-Allee 102,799.0,2.0,69.0,Mitte,600 to 1000,furnished,old building,0.0,1.0,0,Parkett,Aluminiumfenster,0,0,0,0,0,0,0,0,0,0,1,0,0,0,0,0,1,0,0,0,0,0,0,0,0,1900
https://www.immowelt.de/expose/28sks5z,Kurfürstendamm 167-168,1990.0,2.0,54.0,Charlottenburg-Wilmersdorf,1500 to 2000,furnished,no information,0.0,1.0,0,Parkett,Aluminiumfenster,0,0,0,0,0,0,0,0,0,0,1,0,0,0,0,0,0,0,0,0,0,0,0,0,0,1970
https://www.immowelt.de/expose/28wgs5z,Kurfürstendamm 167-168,1500.0,1.0,37.0,Charlottenburg-Wilmersdorf,1500 to 2000,furnished,old building,0.0,1.0,0,Parkett,Aluminiumfenster,0,0,0,0,0,0,0,0,0,0,1,0,0,0,0,0,1,0,0,0,0,0,1,0,0,1960
https://www.immowelt.de/expose/282fs5z,Friedrichstraße 213,1890.0,2.0,65.0,Friedrichshain-Kreuzberg,1500 to 2000,furnished,no information,0.0,1.0,0,Parkett,Aluminiumfenster,0,0,0,0,0,Empfang,0,0,0,0,1,0,0,0,0,0,1,0,0,0,0,0,0,0,0,2021
https://www.immowelt.de/expose/28jcs5z,Mühlenstraße 20,2050.0,2.0,55.0,Friedrichshain-Kreuzberg,2000 to 3000,furnished,renovated,0.0,1.0,0,Parkett,Aluminiumfenster,0,0,0,0,0,0,0,0,0,0,1,0,0,0,0,0,1,0,0,0,0,0,0,0,0,2022
https://www.immowelt.de/expose/2879s5z,Lützowstraße 110,1600.0,2.0,43.0,Mitte,1500 to 2000,furnished,old building,0.0,1.0,0,Parkett,Aluminiumfenster,0,0,0,0,0,0,0,0,0,0,1,0,0,0,0,0,0,0,0,0,1,1,0,0,0,1900
https://www.immowelt.de/expose/28p5s5z,Torstraße 227,2890.0,3.0,102.0,Mitte,2000 to 3000,furnished,no information,0.0,1.0,0,Parkett,Aluminiumfenster,0,0,0,0,0,Empfang,0,0,0,1,1,0,0,0,0,0,1,0,0,0,1,1,0,0,0,2021
https://www.immowelt.de/expose/28n2s5z,Mühlenstraße 20,1950.0,2.0,56.0,Friedrichshain-Kreuzberg,1500 to 2000,like new,no information,0.0,1.0,Kelleranteil,0,0,0,0,0,0,0,0,0,0,0,0,0,0,0,0,0,0,0,0,0,0,0,0,0,0,0,2018
https://www.immowelt.de/expose/29em456,Mitte,2163.0,2.0,65.37,Mitte,2000 to 3000,no information,no information,0.0,0.0,Kelleranteil,0,0,0,0,0,0,0,0,0,0,0,0,0,0,0,0,0,0,0,0,0,1,1,0,0,0,0,1893
https://www.immowelt.de/expose/28t5q5z,Hermsdorf,2600.0,3.0,233.0,Reinickendorf,2000 to 3000,like new,no information,0.0,1.0,Kelleranteil,0,0,0,0,0,0,0,0,0,0,0,1,0,0,0,0,0,0,1,1,0,0,1,0,0,0,0,2019
https://www.immowelt.de/expose/288bn5z,Wallstraße 21,2600.0,4.0,111.42,Mitte,2000 to 3000,no information,well-maintained,0.0,0.0,Abstellraum,Parkett,Holzfenster,0,0,0,0,0,0,0,0,0,1,1,1,0,0,0,0,1,0,0,0,1,0,0,0,0,2013
https://www.immowelt.de/expose/28xxh5z,Mitte,2355.0,3.0,125.88,Mitte,2000 to 3000,no information,first-time-use,0.0,1.0,Kelleranteil,"Fliesenboden, Parkett",0,0,0,0,0,0,0,0,0,0,0,1,0,0,0,0,0,1,0,0,0,1,0,0,0,0,2022
https://www.immowelt.de/expose/28trf5z,Mühlenstraße 20,1200.0,1.5,40.87,Friedrichshain-Kreuzberg,1000 to 1500,furnished,new building,0.0,0.0,0,Parkett,0,DSL-Anschluss,0,0,0,0,0,0,0,0,0,0,0,1,0,0,0,0,0,0,0,1,1,0,0,0,1961
https://www.immowelt.de/expose/28ew65z,Charlottenburg,400.0,1.0,20.0,Charlottenburg-Wilmersdorf,below 600,furnished,new building,0.0,0.0,0,Parkett,0,DSL-Anschluss,0,0,0,0,0,0,0,0,0,0,0,1,0,0,0,0,0,0,0,1,1,0,0,0,1961
https://www.immowelt.de/expose/28ad65z,Charlottenburg,550.0,1.0,26.0,Charlottenburg-Wilmersdorf,below 600,no information,first-time-use,0.0,0.0,0,0,0,0,0,0,0,0,0,0,0,0,0,0,0,0,0,0,0,1,0,0,0,1,0,0,0,0,2022
https://www.immowelt.de/expose/28z3u5y,Prenzlauer Promenade 49E,2000.0,3.0,87.08,Pankow,2000 to 3000,no information,renovated,0.0,1.0,Kelleranteil,0,0,0,0,0,0,0,0,0,0,0,0,0,0,0,0,0,0,1,0,0,0,0,0,0,0,0,1972
https://www.immowelt.de/expose/29pq956,Am Forstacker 27,1049.0,3.0,82.54,Spandau,1000 to 1500,no information,no information,0.0,0.0,Kelleranteil,Parkett,0,0,0,0,0,0,0,0,0,0,0,1,1,0,0,0,0,1,0,0,1,1,0,0,0,0,1996
https://www.immowelt.de/expose/28swf5y,Dernburgstraße 26,3000.0,4.0,130.0,Charlottenburg-Wilmersdorf,over 3000,like new,no information,0.0,0.0,Kelleranteil,"Holzdielen, Fliesenboden, Parkett",0,0,0,0,0,0,0,0,0,0,1,0,0,0,0,0,0,1,1,0,0,1,0,0,0,0,1900
https://www.immowelt.de/expose/29jev57,Otto-Suhr-Allee 116,649.0,1.0,26.22,Charlottenburg-Wilmersdorf,600 to 1000,furnished,old building,0.0,0.0,0,Holzdielen,Kunststofffenster,Kabelanschluss,0,0,0,0,0,0,0,0,0,1,0,0,0,0,0,0,0,0,0,1,0,0,0,0,1910
https://www.immowelt.de/expose/28e8a5y,Prenzlauer Berg,1748.99,2.0,47.0,Pankow,1500 to 2000,no information,no information,0.0,0.0,Kelleranteil,Holzdielen,0,0,0,0,0,0,0,0,0,0,0,0,0,0,0,0,0,1,0,0,0,1,0,0,0,0,1894
https://www.immowelt.de/expose/2837a5y,Schöneberg,2500.0,3.0,110.0,Tempelhof-Schöneberg,2000 to 3000,furnished,old building,0.0,0.0,0,Holzdielen,Kunststofffenster,Kabelanschluss,0,0,0,0,0,0,0,0,0,1,0,0,0,0,0,1,0,0,0,1,0,0,0,0,1910
https://www.immowelt.de/expose/29k8d59,Schöneberg,1150.0,3.0,91.0,Tempelhof-Schöneberg,1000 to 1500,no information,no information,0.0,0.0,Kelleranteil,0,0,0,0,0,0,0,0,0,0,0,0,0,0,0,0,0,0,1,0,0,0,1,0,0,0,0,1975
https://www.immowelt.de/expose/28btq5x,Berlin-Karlshorst (Karlshorst),2560.0,4.0,106.0,Lichtenberg,2000 to 3000,furnished,old building,0.0,0.0,0,Parkett,Aluminiumfenster,0,0,0,0,0,0,0,0,0,0,1,0,0,0,0,0,0,0,0,0,0,0,0,0,0,1900
https://www.immowelt.de/expose/28yvk5x,Gabriel-Max-Straße 16,1250.0,1.0,31.0,Friedrichshain-Kreuzberg,1000 to 1500,no information,well-maintained,0.0,0.0,0,0,0,0,0,0,0,0,0,0,0,0,0,0,0,0,0,0,0,0,0,0,0,0,0,0,0,0,1975
https://www.immowelt.de/expose/29mr953,Klarastraße 5,658.58,1.0,38.74,Treptow-Köpenick,600 to 1000,no information,well-maintained,0.0,1.0,0,0,0,0,0,0,0,0,0,0,0,0,0,0,1,0,0,0,0,1,0,0,0,0,0,0,0,0,1976
https://www.immowelt.de/expose/29wdb54,Groß-Ziethener-Str. 86,673.8,2.5,83.34,Tempelhof-Schöneberg,600 to 1000,no information,no information,0.0,0.0,0,0,0,0,0,0,0,0,0,0,0,0,0,0,0,1,0,0,0,0,0,0,0,0,0,0,0,0,1930
https://www.immowelt.de/expose/28jc85x,Rummelsburger Straße 30,697.2,2.0,49.8,Lichtenberg,600 to 1000,no information,new building,0.0,0.0,Kelleranteil,0,0,0,0,0,0,0,0,0,0,0,0,0,0,0,0,0,0,0,0,0,1,1,0,0,0,0,2022
https://www.immowelt.de/expose/28mp35x,Dennewitzstr. 43,1600.0,2.0,58.55,Tempelhof-Schöneberg,1500 to 2000,no information,new building,0.0,0.0,Kelleranteil,0,0,0,0,0,0,0,0,0,0,0,0,0,0,0,0,0,0,1,0,0,0,1,0,0,0,0,2022
https://www.immowelt.de/expose/28cn35x,Dennewitzstr. 41,2860.0,4.0,103.32,Tempelhof-Schöneberg,2000 to 3000,no information,new building,0.0,0.0,Kelleranteil,0,0,0,0,0,0,0,0,0,0,0,0,0,0,0,0,0,0,1,0,0,0,1,0,0,0,0,2022
https://www.immowelt.de/expose/282m35x,Schöneberg,2500.0,3.0,80.21,Tempelhof-Schöneberg,2000 to 3000,no information,new building,0.0,0.0,Kelleranteil,0,0,0,0,0,0,0,0,0,0,0,0,0,0,0,0,0,0,1,0,0,0,1,0,0,0,0,2022
https://www.immowelt.de/expose/28wk35x,Dennewitzstr. 43,2735.0,3.0,94.06,Tempelhof-Schöneberg,2000 to 3000,no information,new building,0.0,0.0,Kelleranteil,0,0,0,0,0,0,0,0,0,0,0,0,0,0,0,0,0,0,1,0,0,0,1,0,0,0,0,2022
https://www.immowelt.de/expose/28kc35x,Dennewitzstr. 42,2010.0,2.0,71.97,Tempelhof-Schöneberg,2000 to 3000,no information,new building,0.0,0.0,Kelleranteil,0,0,0,0,0,0,0,0,0,0,0,0,0,0,0,0,0,0,1,0,0,0,1,0,0,0,0,2022
https://www.immowelt.de/expose/28n835x,Dennewitzstr. 42,2500.0,2.0,86.45,Tempelhof-Schöneberg,2000 to 3000,no information,well-maintained,0.0,0.0,Kelleranteil,0,0,0,0,0,0,0,0,0,0,0,0,0,0,0,0,0,0,1,0,0,0,0,0,0,0,0,1995
https://www.immowelt.de/expose/28pzu5w,Treskowstraße 19,3200.0,3.0,144.0,Pankow,over 3000,furnished,old building,0.0,0.0,0,Parkett,Aluminiumfenster,0,0,0,0,0,0,0,0,0,0,1,0,0,0,0,0,0,0,0,0,0,0,0,0,0,1900
https://www.immowelt.de/expose/28xgu5w,Pestalozzistraße 69,2270.0,3.0,71.0,Charlottenburg-Wilmersdorf,2000 to 3000,furnished,old building,0.0,0.0,0,Parkett,Aluminiumfenster,0,0,0,0,0,0,0,0,0,0,1,0,0,0,0,0,0,0,0,0,0,0,0,0,0,1900
https://www.immowelt.de/expose/28y7u5w,Sonnenallee 149,1100.0,2.0,51.0,Neukölln,1000 to 1500,furnished,no information,0.0,1.0,0,Parkett,Aluminiumfenster,0,0,0,0,0,0,0,0,0,0,1,0,0,0,0,0,0,0,0,0,0,0,0,0,0,1970
https://www.immowelt.de/expose/28h5u5w,Kurfürstendamm 167-168,1400.0,1.0,36.0,Charlottenburg-Wilmersdorf,1000 to 1500,furnished,no information,0.0,1.0,0,Parkett,Aluminiumfenster,0,0,0,0,0,0,0,0,0,1,1,0,0,0,0,0,1,0,0,0,0,0,0,0,0,2022
https://www.immowelt.de/expose/296vm59,Oberschöneweide,628.0,1.0,19.7,Treptow-Köpenick,600 to 1000,no information,new building,0.0,0.0,Kelleranteil,0,0,0,0,0,0,0,0,0,0,0,0,0,0,0,0,0,0,1,0,0,0,1,0,0,0,0,2022
https://www.immowelt.de/expose/283y55w,Dennewitzstr. 43,2820.0,3.0,98.9,Tempelhof-Schöneberg,2000 to 3000,no information,new building,0.0,0.0,Kelleranteil,0,0,0,0,0,0,0,0,0,0,0,0,0,0,0,0,0,0,1,0,0,0,1,0,0,0,0,2022
https://www.immowelt.de/expose/28rw55w,Dennewitzstr. 43,1800.0,2.0,62.11,Tempelhof-Schöneberg,1500 to 2000,no information,new building,0.0,0.0,Kelleranteil,0,0,0,0,0,0,0,0,0,0,0,0,0,0,0,0,0,0,0,0,0,1,1,0,0,0,0,2022
https://www.immowelt.de/expose/28bv55w,Dennewitzstr. 43,5345.0,4.0,176.6,Tempelhof-Schöneberg,over 3000,like new,no information,0.0,1.0,Kelleranteil,"Fliesenboden, Parkett",0,0,0,0,0,0,0,0,0,0,0,1,1,0,0,0,0,1,0,0,0,1,0,0,0,0,2021
https://www.immowelt.de/expose/28atv5v,An der Dahme 5,2900.0,4.0,127.02,Treptow-Köpenick,2000 to 3000,no information,no information,0.0,0.0,Kelleranteil,Fliesenboden,Kunststofffenster,0,0,0,0,0,0,0,0,0,0,0,1,0,0,0,0,1,0,0,0,1,0,0,0,0,1972
https://www.immowelt.de/expose/295vm59,Köpenick,899.0,1.0,36.0,Treptow-Köpenick,600 to 1000,no information,no information,0.0,1.0,Kelleranteil,Holzdielen,0,0,0,0,0,0,0,0,0,0,1,0,0,0,0,0,0,1,0,0,0,1,0,0,0,0,2013
https://www.immowelt.de/expose/2ekud4r,Harry-S-Trumanallee 10,1500.0,2.0,101.77,Steglitz-Zehlendorf,1500 to 2000,no information,no information,0.0,0.0,Kelleranteil,0,0,0,0,0,0,0,0,0,0,0,0,0,1,1,0,0,0,1,0,0,0,0,0,0,0,0,1964
https://www.immowelt.de/expose/28rdm5v,Friedrichsfelde,428.0,2.0,50.4,Lichtenberg,below 600,no information,well-maintained,0.0,0.0,Kelleranteil,0,0,0,0,0,0,0,0,0,0,0,0,0,0,0,0,0,0,1,0,0,0,0,0,0,0,0,1970
https://www.immowelt.de/expose/29lum59,Köpenick,800.0,1.0,29.0,Treptow-Köpenick,600 to 1000,no information,new building,1.0,1.0,0,0,0,0,0,0,0,0,0,0,0,0,0,0,0,1,0,1,0,0,0,0,0,1,0,0,0,0,2020
https://www.immowelt.de/expose/26azq5v,Stienitzseestraße 42,489.7,1.0,26.8,Treptow-Köpenick,below 600,no information,well-maintained,0.0,0.0,Kelleranteil,Parkett,0,0,0,0,0,0,0,0,0,0,1,1,1,1,0,0,0,0,0,0,0,0,0,0,1,0,1932
https://www.immowelt.de/expose/29a8z57,Karolinenhof,1365.0,4.0,91.0,Treptow-Köpenick,1000 to 1500,like new,no information,0.0,1.0,Kelleranteil,0,0,0,0,0,0,0,0,0,0,0,1,1,1,0,0,0,0,1,0,0,0,1,0,0,0,0,2019
https://www.immowelt.de/expose/28cmq5u,Hedwig-Porschütz-Straße 14,1895.0,3.0,98.04,Mitte,1500 to 2000,"furnished, like new",no information,0.0,1.0,Kelleranteil,Parkett,0,0,0,0,0,0,0,0,0,0,1,0,0,0,0,0,0,1,0,0,0,1,0,0,0,0,2021
https://www.immowelt.de/expose/28kaq5u,Lindower Straße 3 1. 1 18,7500.0,3.0,190.0,Mitte,over 3000,"furnished, like new",no information,0.0,1.0,Kelleranteil,0,0,0,0,0,0,0,0,0,0,0,0,0,0,0,0,0,0,0,0,0,0,1,0,0,0,0,2021
https://www.immowelt.de/expose/28z5q5u,Lindower Straße 5 2. 2 18,3500.0,2.0,73.0,Mitte,over 3000,furnished,old building,0.0,0.0,0,Parkett,0,0,0,0,0,0,0,0,0,0,1,0,1,1,0,0,0,0,1,0,1,1,0,0,0,0,1890
https://www.immowelt.de/expose/29wtv57,Oderberger Straße 20,2950.0,3.0,125.0,Pankow,2000 to 3000,like new,no information,0.0,1.0,Kelleranteil,"Parkett, Steinboden",0,0,0,0,0,0,0,0,0,0,0,0,0,0,0,0,0,1,0,0,0,1,0,0,0,0,1905
https://www.immowelt.de/expose/282wd5u,Charlottenburg,3750.0,3.0,100.0,Charlottenburg-Wilmersdorf,over 3000,no information,no information,0.0,0.0,Kelleranteil,Holzdielen,0,0,0,0,0,0,0,0,0,0,0,0,0,0,0,0,0,1,0,0,1,1,0,0,0,0,1918
https://www.immowelt.de/expose/28lfa5u,Charlottenburg,5150.0,4.0,262.0,Charlottenburg-Wilmersdorf,over 3000,like new,no information,0.0,0.0,Kelleranteil,"Fliesenboden, Parkett",0,0,0,0,0,0,0,0,0,0,0,0,0,0,0,0,0,1,0,0,0,1,0,0,0,0,1909
https://www.immowelt.de/expose/28zra5u,Kopenhagener Str. 67,2400.0,4.0,86.0,Pankow,2000 to 3000,no information,no information,0.0,1.0,Kelleranteil,0,0,0,0,0,0,0,0,0,0,0,1,0,0,0,0,0,0,1,0,0,0,1,0,0,1,0,1913
https://www.immowelt.de/expose/285995u,Charlottenburg,3200.0,4.0,129.04,Charlottenburg-Wilmersdorf,over 3000,like new,new building,0.0,1.0,0,0,0,0,0,0,0,0,0,0,0,0,0,1,0,0,0,0,0,0,0,0,0,1,0,0,0,0,2021
https://www.immowelt.de/expose/28cm25t,Rollbergstraße 1,1200.0,2.0,72.0,Neukölln,1000 to 1500,no information,no information,0.0,1.0,0,0,0,0,0,0,0,0,0,0,0,0,1,1,0,1,0,0,0,1,0,0,0,0,0,0,0,0,2017
https://www.immowelt.de/expose/29mum59,Oberschöneweide,618.0,1.0,18.0,Treptow-Köpenick,600 to 1000,no information,no information,0.0,0.0,Kelleranteil,0,0,0,0,0,0,0,0,0,0,0,0,0,0,0,0,0,0,1,0,0,0,0,0,0,0,0,1996
https://www.immowelt.de/expose/2938753,Arnouxstraße 39,679.0,2.0,45.43,Pankow,600 to 1000,furnished,no information,0.0,1.0,0,Parkett,Aluminiumfenster,0,0,0,0,0,0,0,0,0,0,1,0,0,0,0,0,1,0,0,0,0,0,0,0,0,1970
https://www.immowelt.de/expose/282tf5s,Cotheniusstraße 17,2000.0,3.0,77.0,Pankow,2000 to 3000,furnished,no information,0.0,1.0,0,Parkett,Aluminiumfenster,0,0,0,0,0,0,0,0,0,0,1,0,0,0,0,0,1,0,0,0,0,0,0,0,0,2023
https://www.immowelt.de/expose/28haf5s,Schlesingerstraße 6,2370.0,3.0,87.0,Charlottenburg-Wilmersdorf,2000 to 3000,furnished,old building,0.0,0.0,0,Parkett,Aluminiumfenster,0,0,0,0,0,0,0,0,0,0,1,0,0,0,0,0,0,0,0,0,0,0,0,0,0,1900
https://www.immowelt.de/expose/2863f5s,Düppelstraße 28A,1500.0,1.0,30.0,Steglitz-Zehlendorf,1500 to 2000,no information,no information,0.0,1.0,0,Parkett,0,0,0,0,0,0,0,1,0,0,0,0,1,0,0,0,0,1,0,0,0,1,1,1,0,0,2021
https://www.immowelt.de/expose/28uue5s,Rosenthaler Str. 44,2200.0,2.0,69.0,Mitte,2000 to 3000,furnished,new building,0.0,1.0,Abstellraum,"Fliesenboden, Parkett",Kunststofffenster,Kabelanschluss,0,0,0,0,0,1,0,0,1,1,1,0,1,0,0,0,0,0,0,1,1,0,0,0,2020
https://www.immowelt.de/expose/28xj45s,Mitte,2500.0,3.0,82.0,Mitte,2000 to 3000,furnished,old building,0.0,1.0,0,Parkett,Aluminiumfenster,0,0,0,0,0,0,0,0,0,0,1,0,0,0,0,0,0,0,0,0,0,0,0,0,0,1900
https://www.immowelt.de/expose/2864v5r,Köpenicker Str. 79,2530.0,3.0,102.0,Mitte,2000 to 3000,furnished,old building,0.0,1.0,0,Parkett,Aluminiumfenster,0,0,0,0,0,0,0,0,0,0,0,1,0,0,0,0,1,0,0,0,1,1,0,0,0,1900
https://www.immowelt.de/expose/28btu5r,Torstraße 225C,1780.0,1.0,48.0,Mitte,1500 to 2000,furnished,no information,0.0,1.0,0,Parkett,Aluminiumfenster,0,0,0,0,0,0,0,0,0,0,1,0,0,0,0,0,0,0,0,0,0,0,0,0,0,2000
https://www.immowelt.de/expose/28ylu5r,Hohenzollerndamm 72,1500.0,2.0,43.0,Charlottenburg-Wilmersdorf,1500 to 2000,furnished,new building,0.0,1.0,0,Parkett,Aluminiumfenster,0,0,0,0,0,0,0,0,0,0,0,1,0,0,0,0,0,0,0,0,1,1,0,0,0,2021
https://www.immowelt.de/expose/28zju5r,Rosenthaler Str. 44,2970.0,2.0,55.0,Mitte,2000 to 3000,no information,no information,0.0,0.0,Kelleranteil,Parkett,0,0,0,0,0,0,0,0,0,0,1,0,0,0,0,0,0,1,1,0,0,1,0,0,1,0,1958
https://www.immowelt.de/expose/28g2l5r,Dahlem,2350.0,4.0,143.0,Steglitz-Zehlendorf,2000 to 3000,no information,well-maintained,0.0,0.0,0,0,0,0,0,0,0,0,0,0,0,0,0,0,0,0,0,0,0,0,0,0,0,0,0,0,0,0,1910
https://www.immowelt.de/expose/28uhk5r,Münsterschestr 11,700.0,1.0,20.0,Charlottenburg-Wilmersdorf,600 to 1000,no information,old building,0.0,0.0,Kelleranteil,0,0,0,0,0,0,0,0,0,0,0,1,0,0,0,0,0,0,0,0,0,1,0,0,0,0,0,1909
https://www.immowelt.de/expose/29fys54,Tempelhof,1892.44,6.0,230.0,Tempelhof-Schöneberg,1500 to 2000,like new,old building,0.0,1.0,Kelleranteil,0,0,0,0,0,0,0,0,0,0,0,0,0,0,0,0,0,0,0,0,0,1,1,0,0,0,0,1900
https://www.immowelt.de/expose/2972s58,Schöneberg,2388.78,3.0,103.86,Tempelhof-Schöneberg,2000 to 3000,no information,no information,0.0,0.0,Kelleranteil,"Fliesenboden, Parkett",0,0,0,0,0,0,0,0,0,0,0,0,0,0,0,0,0,1,0,0,0,1,0,0,0,0,1900
https://www.immowelt.de/expose/28j3m5q,Halensee,3500.0,5.0,140.0,Charlottenburg-Wilmersdorf,over 3000,no information,well-maintained,0.0,0.0,0,0,0,0,0,0,0,0,0,0,0,0,0,0,0,0,0,0,0,0,0,0,0,0,0,0,0,0,1975
https://www.immowelt.de/expose/29ls753,Klarastraße 5,824.1,2.0,54.94,Treptow-Köpenick,600 to 1000,no information,first-time-use,0.0,1.0,0,0,0,0,0,0,0,0,0,0,0,0,0,0,0,0,1,0,0,0,0,0,1,1,1,0,0,0,2022
https://www.immowelt.de/expose/28hlh5q,Fürstenwalder Damm 294,1499.0,2.0,70.75,Treptow-Köpenick,1000 to 1500,no information,well-maintained,0.0,1.0,0,0,0,0,0,0,0,0,0,0,0,0,0,0,0,0,0,0,0,0,0,0,0,0,0,0,0,0,2000
https://www.immowelt.de/expose/28lhh5q,Bellevuestraße 1,1988.0,2.0,61.0,Mitte,1500 to 2000,like new,no information,0.0,1.0,Kelleranteil,0,0,0,0,0,0,0,0,0,0,0,0,0,0,0,0,0,0,0,0,0,0,0,0,0,0,0,2018
https://www.immowelt.de/expose/29pn456,Mitte,1751.0,2.0,65.37,Mitte,1500 to 2000,no information,well-maintained,0.0,0.0,Kelleranteil,0,0,0,0,0,0,0,0,0,0,0,0,0,0,0,0,0,0,0,0,0,0,1,0,0,0,0,1997
https://www.immowelt.de/expose/28arq5z,Sommerstraße 34,550.0,2.0,52.36,Reinickendorf,below 600,no information,no information,0.0,1.0,Kelleranteil,"Holzdielen, Fliesenboden",0,0,0,0,0,0,0,0,0,0,0,0,0,0,0,0,0,0,0,0,0,1,1,0,0,0,1910
https://www.immowelt.de/expose/29f5w57,Schmargendorf,1590.0,2.0,82.0,Charlottenburg-Wilmersdorf,1500 to 2000,furnished,old building,0.0,1.0,0,Parkett,Aluminiumfenster,0,0,0,0,0,0,0,0,0,0,1,0,0,0,0,0,1,0,0,0,0,0,0,0,0,1900
https://www.immowelt.de/expose/28jm55p,Boxhagener Str. 114,1850.0,3.0,108.0,Friedrichshain-Kreuzberg,1500 to 2000,furnished,old building,0.0,0.0,0,Parkett,Aluminiumfenster,0,0,0,0,0,0,0,0,0,0,1,0,0,0,0,0,0,0,0,0,0,0,0,0,0,1900
https://www.immowelt.de/expose/28mj55p,Kärntener Str. 4,1720.0,2.0,58.0,Tempelhof-Schöneberg,1500 to 2000,furnished,no information,0.0,1.0,0,Parkett,Aluminiumfenster,0,0,0,0,0,0,0,0,0,0,1,0,0,0,0,0,1,0,0,0,0,0,0,0,0,2022
https://www.immowelt.de/expose/28wd55p,Dietrich-Bonhoeffer-Straße 32,2260.0,3.0,55.0,Pankow,2000 to 3000,furnished,old building,0.0,1.0,0,Parkett,Aluminiumfenster,0,0,0,0,0,0,0,0,0,0,1,0,0,0,0,0,1,0,0,0,1,1,0,0,0,1905
https://www.immowelt.de/expose/28mc55p,Arcostraße 3,1830.0,2.0,56.0,Charlottenburg-Wilmersdorf,1500 to 2000,furnished,no information,1.0,1.0,0,Parkett,Aluminiumfenster,0,0,0,0,0,0,0,0,0,0,1,1,0,0,0,0,1,0,0,0,1,1,0,0,0,2019
https://www.immowelt.de/expose/28sb55p,Nürnberger Str. 68,2430.0,2.0,58.0,Tempelhof-Schöneberg,2000 to 3000,furnished,new building,1.0,1.0,0,Parkett,0,0,0,0,0,0,0,0,0,0,0,1,0,0,0,0,0,1,0,0,0,1,1,1,0,0,2021
https://www.immowelt.de/expose/29gum59,Köpenick,798.0,1.0,33.0,Treptow-Köpenick,600 to 1000,furnished,old building,0.0,1.0,0,Parkett,Aluminiumfenster,0,0,0,0,0,0,0,0,0,0,1,0,0,0,0,0,1,0,0,0,0,0,0,0,0,1900
https://www.immowelt.de/expose/28cep5n,Boxhagener Str. 114,3370.0,3.0,108.0,Friedrichshain-Kreuzberg,over 3000,like new,no information,0.0,0.0,"Kelleranteil, Abstellraum","Fliesenboden, Laminat",0,0,0,0,0,0,0,0,0,0,0,0,1,1,0,0,0,1,0,0,0,1,0,0,0,0,1996
https://www.immowelt.de/expose/293bd55,Schöneberg,1345.0,3.0,124.0,Tempelhof-Schöneberg,1000 to 1500,no information,no information,0.0,1.0,0,"Holzdielen, Fliesenboden, Parkett",0,"DSL-Anschluss, Kabelanschluss",0,0,1,0,0,0,0,0,1,1,1,1,0,0,0,0,0,0,0,1,0,0,0,0,1900
https://www.immowelt.de/expose/298ez57,Wilkestraße 2,896.4,2.0,37.35,Reinickendorf,600 to 1000,furnished,no information,0.0,1.0,Wasch-Trockenraum,0,0,0,0,0,0,0,0,0,0,0,0,1,1,0,0,0,0,1,0,0,0,1,0,0,0,0,1975
https://www.immowelt.de/expose/28bns5m,Breite Straße 42 A-B,839.0,1.0,31.0,Charlottenburg-Wilmersdorf,600 to 1000,furnished,no information,0.0,1.0,Wasch-Trockenraum,0,0,0,0,0,0,0,0,0,0,0,0,1,0,0,0,0,0,1,0,0,0,1,0,0,0,0,1975
https://www.immowelt.de/expose/29xtm59,Mitte,1644.0,2.0,47.0,Mitte,1500 to 2000,no information,well-maintained,0.0,1.0,Kelleranteil,"Parkett, Steinboden",0,0,0,0,0,0,0,1,0,0,0,0,0,0,0,0,0,0,0,0,1,1,1,0,0,0,1905
https://www.immowelt.de/expose/28f5u5n,Kurfürstendamm 130,3130.2,3.0,104.34,Charlottenburg-Wilmersdorf,over 3000,no information,first-time-use,0.0,1.0,Kelleranteil,0,0,0,0,0,0,0,0,0,0,0,0,0,0,0,0,0,0,1,0,0,0,1,0,0,0,0,2022
https://www.immowelt.de/expose/29lbm58,Spandau,1302.0,2.0,66.77,Spandau,1000 to 1500,no information,first-time-use,0.0,0.0,0,0,0,0,0,0,0,0,0,0,0,0,0,0,0,0,0,0,0,1,0,0,1,1,0,0,0,0,2022
https://www.immowelt.de/expose/285mc5m,Treskowstrasse 21,1449.0,2.0,61.45,Pankow,1000 to 1500,no information,first-time-use,0.0,0.0,0,0,0,0,0,0,0,0,0,0,0,0,0,0,0,0,0,0,0,1,0,0,1,1,0,0,0,0,2022
https://www.immowelt.de/expose/28vlc5m,Prenzlauer Promenade 49G,1499.0,2.0,61.66,Pankow,1000 to 1500,furnished,no information,0.0,0.0,0,Parkett,Aluminiumfenster,0,0,0,0,0,0,0,0,0,0,1,0,0,0,0,0,1,0,0,0,0,0,0,0,0,1960
https://www.immowelt.de/expose/28d5z5l,Hohenzollerndamm 68A,1490.0,2.0,46.0,Charlottenburg-Wilmersdorf,1000 to 1500,furnished,no information,1.0,1.0,0,Parkett,Aluminiumfenster,0,0,0,0,0,0,0,0,0,0,1,1,0,0,0,0,1,0,0,0,1,1,0,0,0,2018
https://www.immowelt.de/expose/28l4z5l,Wilhelmine-Gemberg-Weg 1,2780.0,3.0,67.0,Mitte,2000 to 3000,no information,first-time-use,0.0,1.0,0,0,0,0,0,0,0,0,0,0,0,0,0,0,0,0,0,0,0,1,0,0,0,1,0,0,0,0,1975
https://www.immowelt.de/expose/2857x5l,Frankfurter Allee 84,2676.7,3.0,102.95,Friedrichshain-Kreuzberg,2000 to 3000,furnished,old building,0.0,0.0,0,Parkett,Aluminiumfenster,0,0,0,0,0,0,0,0,0,0,1,0,0,0,0,0,0,0,0,0,0,0,0,0,0,1900
https://www.immowelt.de/expose/2822h5l,Ahrenshooper Straße 2,519.0,1.0,37.03,Lichtenberg,below 600,no information,first-time-use,0.0,1.0,"Kelleranteil, Abstellraum, Dach ausgebaut",Parkett,0,0,0,0,0,0,0,0,0,0,1,1,1,1,0,0,0,0,0,0,1,1,1,0,0,0,2023
https://www.immowelt.de/expose/284zf5l,Schivelbeiner Str. 31,2624.0,2.0,104.96,Pankow,2000 to 3000,"furnished, like new",no information,0.0,0.0,Kelleranteil,"Fliesenboden, Parkett",0,0,0,0,0,0,0,0,0,0,1,0,0,0,0,0,0,1,0,0,1,1,0,0,1,0,2001
https://www.immowelt.de/expose/28e5e5l,Prenzlauer Berg,5000.0,7.0,280.0,Pankow,over 3000,no information,no information,0.0,0.0,Kelleranteil,0,Kunststofffenster,0,0,0,0,0,0,0,0,0,0,1,1,0,0,0,0,0,1,1,1,1,0,0,0,0,1999
https://www.immowelt.de/expose/28pfb5l,Kaulsdorf,387.0,1.0,38.0,Marzahn-Hellersdorf,below 600,like new,no information,0.0,1.0,0,0,0,0,0,0,0,0,0,0,0,0,0,0,0,0,0,0,0,0,0,0,0,0,0,0,0,0,2019
https://www.immowelt.de/expose/28j8a5l,Zimmerstraße 96,1650.0,2.0,66.4,Mitte,1500 to 2000,like new,no information,0.0,1.0,0,0,0,0,0,0,0,0,0,0,0,0,0,0,0,0,0,0,0,0,0,0,0,0,0,0,0,0,2019
https://www.immowelt.de/expose/29vym59,Oberschöneweide,697.0,1.0,17.7,Treptow-Köpenick,600 to 1000,no information,no information,0.0,1.0,0,"Fliesenboden, Parkett",0,0,0,0,0,0,0,0,0,0,1,1,1,1,0,0,0,1,0,0,1,1,0,0,0,0,2022
https://www.immowelt.de/expose/289mj5v,Mitte,3950.0,4.0,188.5,Mitte,over 3000,no information,no information,0.0,1.0,Kelleranteil,Parkett,0,0,0,0,0,0,0,0,0,0,0,1,1,0,0,0,0,1,0,0,0,1,0,0,0,0,1975
https://www.immowelt.de/expose/28vhr5k,Mitte,2186.0,3.0,116.0,Mitte,2000 to 3000,no information,first-time-use,0.0,1.0,0,0,0,0,0,0,0,0,0,0,0,0,0,0,0,0,1,0,0,0,0,0,0,1,1,0,0,0,2022
https://www.immowelt.de/expose/28rel5j,Fürstenwalder Damm 294,1499.0,2.0,66.22,Treptow-Köpenick,1000 to 1500,no information,no information,0.0,0.0,0,Parkett,0,0,0,0,0,0,0,0,0,0,0,1,1,0,0,0,0,0,0,0,1,0,0,0,0,0,1935
https://www.immowelt.de/expose/28ahj5j,Berlin-Köpenick (Karolinenhof),1298.0,3.0,135.0,Treptow-Köpenick,1000 to 1500,furnished,first-time-use,0.0,1.0,Kelleranteil,0,0,0,0,0,0,0,0,0,0,0,0,0,0,0,0,0,0,0,0,0,1,1,0,0,0,0,2019
https://www.immowelt.de/expose/28fej5j,Mitte,2720.0,2.0,69.0,Mitte,2000 to 3000,no information,new building,0.0,1.0,0,Fliesenboden,0,0,0,0,0,0,0,0,0,0,0,0,0,1,0,0,0,0,1,0,0,1,0,0,0,0,2022
https://www.immowelt.de/expose/298k857,Spandau,1575.0,3.0,76.78,Spandau,1500 to 2000,no information,well-maintained,0.0,0.0,0,0,0,0,0,0,0,0,0,0,0,0,1,0,0,0,0,0,0,1,0,0,0,0,0,0,1,0,1938
https://www.immowelt.de/expose/28m3s5p,Schichauweg 60,1400.0,4.0,116.76,Tempelhof-Schöneberg,1000 to 1500,furnished,old building,0.0,1.0,0,Parkett,Aluminiumfenster,0,0,0,0,0,0,0,0,0,0,1,0,0,0,0,0,1,0,0,0,0,0,0,0,0,1900
https://www.immowelt.de/expose/28xc55h,Zwinglistraße 34,2030.0,3.0,79.0,Mitte,2000 to 3000,furnished,new building,0.0,1.0,0,Parkett,Aluminiumfenster,0,0,0,0,0,0,0,0,0,0,0,1,0,0,0,0,0,0,0,0,1,1,1,0,0,2021
https://www.immowelt.de/expose/28cz45h,Rosenthaler Str. 44,3160.0,2.0,66.0,Mitte,over 3000,furnished,old building,0.0,0.0,0,Parkett,Aluminiumfenster,0,0,0,0,0,0,0,0,0,0,1,0,0,0,0,0,1,0,0,0,0,0,0,0,0,1900
https://www.immowelt.de/expose/28fs45h,Jahnstraße 15A,1500.0,2.0,56.0,Friedrichshain-Kreuzberg,1500 to 2000,no information,well-maintained,0.0,1.0,Kelleranteil,0,0,0,0,0,0,0,0,0,0,0,0,0,0,0,0,0,0,1,0,0,0,1,0,0,0,0,1984
https://www.immowelt.de/expose/29crm56,Wustrower Straße 15,829.0,3.0,71.2,Lichtenberg,600 to 1000,no information,well-maintained,0.0,0.0,0,0,0,0,0,0,0,0,0,0,0,0,0,0,0,0,0,0,0,0,0,0,0,1,0,0,0,0,1900
https://www.immowelt.de/expose/28au35g,Kantstr. 139,1800.0,2.0,60.0,Charlottenburg-Wilmersdorf,1500 to 2000,no information,renovated,0.0,1.0,Kelleranteil,0,0,0,0,0,0,0,0,0,0,0,1,0,0,0,0,0,0,1,0,0,1,1,0,0,0,0,1894
https://www.immowelt.de/expose/29yfa53,Mitte,3500.0,4.0,139.62,Mitte,over 3000,"furnished, like new",no information,0.0,1.0,Kelleranteil,"Fliesenboden, Parkett",0,0,0,0,0,0,0,0,0,0,1,0,0,0,0,0,0,1,0,0,0,1,0,0,0,0,2020
https://www.immowelt.de/expose/28vf95p,Linienstraße 32,3400.0,3.0,110.0,Mitte,over 3000,furnished,old building,0.0,0.0,0,Parkett,Aluminiumfenster,0,0,0,0,0,0,0,0,0,0,1,0,0,0,0,0,0,0,0,0,0,0,0,0,0,1900
https://www.immowelt.de/expose/28jcy5f,Nürnberger Str. 20,2970.0,3.0,97.0,Charlottenburg-Wilmersdorf,2000 to 3000,no information,no information,0.0,1.0,Kelleranteil,0,0,0,0,0,0,0,0,0,0,0,0,0,0,0,0,0,0,1,0,0,1,1,0,0,0,0,1928
https://www.immowelt.de/expose/29sck53,Berlin-Köpenick (Köpenick),2040.0,3.0,120.0,Treptow-Köpenick,2000 to 3000,no information,no information,0.0,0.0,Kelleranteil,0,0,0,0,0,0,0,0,0,0,0,0,0,0,0,0,0,0,0,1,0,1,1,0,0,0,0,1975
https://www.immowelt.de/expose/29x8k53,Berlin-Spandau (Spandau),1980.0,3.0,114.0,Spandau,1500 to 2000,like new,no information,0.0,1.0,0,0,0,0,0,0,0,0,0,0,0,0,0,0,0,0,0,0,0,0,0,0,0,0,0,0,0,0,2019
https://www.immowelt.de/expose/28htl5f,Zimmerstraße 98,2050.0,3.0,80.11,Mitte,2000 to 3000,no information,no information,0.0,1.0,Kelleranteil,0,0,0,0,0,0,0,0,0,0,0,0,1,0,0,1,0,0,1,0,0,0,0,0,0,0,0,2023
https://www.immowelt.de/expose/29xum59,Friedrichsfelde,1353.0,3.0,61.1,Lichtenberg,1000 to 1500,furnished,renovated,0.0,0.0,0,0,0,0,0,0,0,0,0,0,0,0,0,0,0,0,0,0,0,1,0,0,0,1,0,0,0,0,1975
https://www.immowelt.de/expose/289kw5e,Skalitzer Str. 99,3450.0,4.0,150.0,Friedrichshain-Kreuzberg,over 3000,furnished,old building,0.0,1.0,0,Parkett,Aluminiumfenster,0,0,0,0,0,0,0,0,0,0,1,0,0,0,0,0,0,0,0,0,0,0,0,0,0,1900
https://www.immowelt.de/expose/28q3w5e,Beusselstraße 65,1830.0,2.0,68.0,Mitte,1500 to 2000,furnished,no information,0.0,1.0,0,Parkett,Aluminiumfenster,0,0,0,0,0,0,0,0,0,0,1,0,0,0,0,0,0,0,0,0,1,1,0,0,0,2021
https://www.immowelt.de/expose/289au5e,Rosenthaler Str. 44,2150.0,1.0,40.0,Mitte,2000 to 3000,furnished,renovated,1.0,1.0,0,0,0,0,0,0,0,0,0,0,0,0,0,0,0,0,0,0,0,1,0,0,0,1,0,0,0,0,1975
https://www.immowelt.de/expose/28qlr5e,Schlesingerstraße 8,3040.0,4.0,118.0,Charlottenburg-Wilmersdorf,over 3000,furnished,no information,0.0,0.0,0,Parkett,Aluminiumfenster,0,0,0,0,0,0,0,0,0,0,1,0,0,0,0,0,1,0,0,0,0,0,0,0,0,2023
https://www.immowelt.de/expose/283cr5e,Heisenbergstraße 5,2860.0,4.0,114.0,Charlottenburg-Wilmersdorf,2000 to 3000,furnished,no information,1.0,1.0,0,Parkett,Aluminiumfenster,0,0,0,0,0,0,0,0,0,0,1,0,0,0,0,0,0,0,0,0,1,1,0,0,0,2021
https://www.immowelt.de/expose/286m25e,Spichernstraße 6,1670.0,1.0,42.0,Charlottenburg-Wilmersdorf,1500 to 2000,furnished,no information,0.0,1.0,0,Parkett,Aluminiumfenster,0,0,0,0,0,0,0,0,0,0,1,0,0,0,0,0,0,0,0,0,0,0,0,0,0,1900
https://www.immowelt.de/expose/28dru5d,Kurfürstendamm 167-168,1200.0,1.0,36.0,Charlottenburg-Wilmersdorf,1000 to 1500,furnished,no information,0.0,1.0,0,Parkett,Aluminiumfenster,0,0,0,0,0,0,0,0,0,0,1,0,0,0,0,0,0,0,0,0,0,0,0,0,0,1970
https://www.immowelt.de/expose/287qu5d,Kurfürstendamm 167-168,1570.0,1.0,37.0,Charlottenburg-Wilmersdorf,1500 to 2000,furnished,old building,0.0,1.0,0,Parkett,Aluminiumfenster,0,0,0,0,0,0,0,0,0,0,1,0,0,0,0,0,0,0,0,0,0,0,0,0,0,1900
https://www.immowelt.de/expose/28vnu5d,Kurfürstendamm 167-168,1500.0,1.0,37.0,Charlottenburg-Wilmersdorf,1500 to 2000,no information,new building,0.0,1.0,"Kelleranteil, Abstellraum","Fliesenboden, Parkett",Holzfenster,"DSL-Anschluss, Kabelanschluss",0,Fernblick,0,0,0,0,0,0,0,1,0,0,0,0,0,0,1,1,0,1,1,0,0,0,2023
https://www.immowelt.de/expose/28ffs5d,Gartenstr. 6,1499.71,2.0,41.95,Steglitz-Zehlendorf,1000 to 1500,no information,no information,0.0,0.0,0,0,0,0,0,0,0,0,0,0,0,0,0,0,0,0,0,0,0,1,0,0,1,1,0,0,0,0,1975
https://www.immowelt.de/expose/29eyp53,Utrechter Straße 34,758.29,2.0,73.57,Mitte,600 to 1000,furnished,no information,0.0,0.0,0,Parkett,Aluminiumfenster,0,0,0,0,0,0,0,0,0,0,1,0,0,0,0,0,1,0,0,0,0,0,0,0,0,2023
https://www.immowelt.de/expose/28awm5b,Heisenbergstraße 5,2850.0,4.0,113.0,Charlottenburg-Wilmersdorf,2000 to 3000,furnished,old building,0.0,1.0,0,Parkett,Aluminiumfenster,0,0,0,0,0,0,0,0,0,0,1,0,0,0,0,0,1,0,0,0,0,0,0,0,0,2023
https://www.immowelt.de/expose/28dum5b,Heisenbergstraße 9,2880.0,4.0,115.0,Charlottenburg-Wilmersdorf,2000 to 3000,furnished,old building,0.0,1.0,0,Parkett,Aluminiumfenster,0,0,0,0,0,0,0,0,0,0,1,0,0,0,0,0,1,0,0,0,0,0,0,0,0,2023
https://www.immowelt.de/expose/28uqm5b,Heisenbergstraße 9,2800.0,4.0,116.0,Charlottenburg-Wilmersdorf,2000 to 3000,like new,no information,0.0,0.0,0,Laminat,0,Kabelanschluss,0,0,0,0,0,0,0,0,0,1,1,1,0,0,0,0,1,0,0,0,0,0,0,0,1894
https://www.immowelt.de/expose/28jlg5b,Schmöckwitz,1860.0,3.0,124.14,Treptow-Köpenick,1500 to 2000,no information,no information,0.0,0.0,Kelleranteil,0,0,0,0,0,0,0,0,0,0,0,0,0,0,0,0,0,0,0,0,0,1,1,0,0,0,0,1893
https://www.immowelt.de/expose/28ptj5f,Hermsdorf,2600.0,3.0,233.0,Reinickendorf,2000 to 3000,like new,no information,0.0,1.0,0,0,0,0,0,0,0,0,0,0,0,0,0,0,0,0,0,0,0,0,0,0,0,0,0,0,0,0,2019
https://www.immowelt.de/expose/283sn5a,Zimmerstraße 94,3600.0,4.0,141.26,Mitte,over 3000,like new,no information,0.0,1.0,Kelleranteil,Parkett,0,0,0,0,0,0,0,0,0,0,0,1,1,0,0,0,0,1,0,0,0,1,0,0,0,0,2015
https://www.immowelt.de/expose/28lqj5a,Flottwellstraße 23,2181.39,4.0,114.81,Mitte,2000 to 3000,like new,no information,0.0,1.0,"Kelleranteil, Abstellraum",0,0,0,0,0,0,0,0,1,Sauna,0,1,0,0,0,0,0,0,1,0,0,0,1,0,0,0,0,2007
https://www.immowelt.de/expose/285rw59,Jägerstraße 34,17000.0,7.0,706.0,Mitte,over 3000,"furnished, like new",no information,0.0,1.0,Kelleranteil,0,0,0,0,0,0,0,0,0,0,0,1,0,0,0,0,0,0,0,0,0,0,1,0,0,0,0,2021
https://www.immowelt.de/expose/2838q5u,Lindower Straße 5 5. 1 18,5000.0,2.0,122.0,Mitte,over 3000,like new,no information,0.0,0.0,Kelleranteil,"Fliesenboden, Parkett",0,0,0,0,0,0,0,0,0,0,1,0,0,0,0,0,0,1,0,0,0,1,0,0,0,0,2022
https://www.immowelt.de/expose/29luw56,Mühlenstraße 20,1600.0,2.0,56.0,Friedrichshain-Kreuzberg,1500 to 2000,"furnished, like new",no information,0.0,1.0,Kelleranteil,"Fliesenboden, Parkett",0,0,0,0,0,0,0,0,0,0,1,0,0,0,0,0,0,1,0,0,0,1,0,0,1,0,1935
https://www.immowelt.de/expose/29r3x56,Rungestraße 3-6,2990.0,2.0,128.0,Mitte,2000 to 3000,no information,first-time-use,0.0,1.0,"Kelleranteil, Abstellraum",Parkett,0,0,0,0,0,0,0,0,0,0,0,1,1,0,0,0,0,1,0,0,0,1,0,0,0,0,2022
https://www.immowelt.de/expose/29epu58,Waidmannslust,1240.0,2.0,71.52,Reinickendorf,1000 to 1500,furnished,no information,1.0,1.0,0,Parkett,Aluminiumfenster,0,0,0,0,0,0,0,0,0,0,1,1,0,0,0,0,1,0,0,0,1,1,0,0,0,2020
https://www.immowelt.de/expose/286s558,Auerstraße 47,1950.0,2.0,47.0,Friedrichshain-Kreuzberg,1500 to 2000,furnished,no information,0.0,1.0,0,Parkett,0,0,0,0,0,0,0,0,0,0,0,0,1,0,0,0,0,0,0,0,0,1,1,1,0,0,2021
https://www.immowelt.de/expose/28sn558,Rosenthaler Str. 44,2800.0,2.0,62.0,Mitte,2000 to 3000,no information,no information,0.0,0.0,0,0,0,0,0,0,0,0,0,0,0,0,0,0,0,0,0,0,0,0,0,0,0,0,0,0,0,0,1997
https://www.immowelt.de/expose/286jv56,Nantesstraße 77,1249.0,4.0,85.1,Pankow,1000 to 1500,"furnished, like new",no information,0.0,1.0,Kelleranteil,0,0,0,0,0,0,0,0,0,0,0,0,0,0,0,0,0,0,0,0,0,1,1,0,0,0,0,2019
https://www.immowelt.de/expose/28ylf56,Mitte,2720.0,2.0,68.0,Mitte,2000 to 3000,no information,no information,0.0,1.0,Kelleranteil,Parkett,0,0,0,0,0,0,0,0,0,0,0,0,0,0,0,0,0,0,0,0,0,0,0,0,0,0,2019
https://www.immowelt.de/expose/28lwy5e,Hohenzollerndamm 57,1736.5,3.0,69.45,Charlottenburg-Wilmersdorf,1500 to 2000,like new,no information,0.0,1.0,Kelleranteil,0,0,0,0,0,0,0,0,0,0,0,0,0,0,0,0,0,0,0,0,0,0,0,0,0,0,0,2018
https://www.immowelt.de/expose/29an456,Mitte,2060.0,2.0,65.37,Mitte,2000 to 3000,like new,no information,0.0,1.0,Kelleranteil,0,0,0,0,0,0,0,0,0,0,0,0,0,0,0,0,0,0,0,0,0,0,0,0,0,0,0,2018
https://www.immowelt.de/expose/29zl456,Mitte,2266.0,2.0,65.37,Mitte,2000 to 3000,no information,no information,0.0,1.0,Kelleranteil,Parkett,0,0,0,0,0,0,0,0,0,0,0,0,0,0,0,1,0,0,1,0,1,0,0,0,0,0,2018
https://www.immowelt.de/expose/28msk55,Charlottenburg,2500.0,2.5,76.0,Charlottenburg-Wilmersdorf,2000 to 3000,like new,no information,0.0,0.0,0,0,0,0,0,0,0,0,0,0,0,0,0,0,0,0,0,0,0,0,0,0,0,0,0,0,0,0,2019
https://www.immowelt.de/expose/28fbx54,Zimmerstraße 97A,4200.0,5.0,206.76,Mitte,over 3000,like new,no information,0.0,1.0,0,Parkett,0,0,0,0,0,0,0,0,0,0,1,0,0,0,0,0,0,1,0,0,1,1,0,0,1,0,2012
https://www.immowelt.de/expose/287jh5l,Oberwallstraße 13,15000.0,4.0,456.0,Mitte,over 3000,like new,no information,0.0,1.0,Kelleranteil,"Fliesenboden, Parkett, Steinboden",0,0,0,0,0,0,0,1,0,0,1,0,0,0,0,0,0,0,0,0,0,1,0,0,0,1,2022
https://www.immowelt.de/expose/286at53,Kantstraße 126,11500.0,5.0,272.0,Charlottenburg-Wilmersdorf,over 3000,"furnished, like new",new building,0.0,1.0,Kelleranteil,0,0,0,0,0,0,0,0,1,Sauna,0,1,0,0,0,0,0,0,1,1,0,1,1,0,0,0,0,2009
https://www.immowelt.de/expose/284k553,Schmargendorf,8500.0,4.0,188.01,Charlottenburg-Wilmersdorf,over 3000,no information,first-time-use,0.0,0.0,0,"Holzdielen, Fliesenboden",0,0,0,0,0,0,0,0,0,0,0,0,1,0,1,0,0,0,1,0,1,0,0,0,1,0,2021
https://www.immowelt.de/expose/28z2y52,Ruppiner Chaussee 289,1749.0,2.0,85.02,Reinickendorf,1500 to 2000,no information,new building,1.0,0.0,Kelleranteil,"Holzdielen, Fliesenboden",0,0,0,0,0,0,Alarmanlage,0,0,0,1,0,1,1,0,0,0,1,1,0,1,1,1,0,0,0,2019
https://www.immowelt.de/expose/28t2y52,Ratiborstr. 3,3850.0,4.0,164.43,Friedrichshain-Kreuzberg,over 3000,furnished,old building,0.0,1.0,0,Parkett,Aluminiumfenster,0,0,0,0,0,0,0,0,0,0,1,0,0,0,0,0,1,0,0,0,0,0,0,0,0,1900
https://www.immowelt.de/expose/28scw52,Winsstraße 26,1770.0,2.0,57.0,Pankow,1500 to 2000,no information,new building,0.0,0.0,Kelleranteil,Parkett,0,0,0,0,0,0,0,0,0,0,0,0,0,1,0,0,0,0,0,0,0,0,0,0,0,0,2020
https://www.immowelt.de/expose/2792h5z,Georgstr. 11,1100.0,1.0,73.0,Marzahn-Hellersdorf,1000 to 1500,like new,new building,0.0,1.0,Kelleranteil,Kunststoffboden,0,0,0,0,0,0,0,0,0,0,1,1,1,1,0,0,0,0,0,0,1,1,0,0,1,0,2022
https://www.immowelt.de/expose/27p785y,Lankwitz,2250.0,3.0,115.55,Steglitz-Zehlendorf,2000 to 3000,furnished,new building,1.0,1.0,0,0,0,0,0,0,0,0,0,0,0,0,0,0,0,0,0,0,0,0,0,0,0,1,0,0,0,0,2020
https://www.immowelt.de/expose/256ar5g,Am Köllnischen Park 17,2286.0,2.0,65.0,Mitte,2000 to 3000,furnished,renovated,0.0,0.0,0,0,0,0,0,0,0,0,0,0,0,0,0,0,0,0,0,0,0,1,0,0,0,1,0,0,0,0,1975
https://www.immowelt.de/expose/274bm5v,Eylauer 13,2550.0,3.0,75.0,Friedrichshain-Kreuzberg,2000 to 3000,no information,old building,0.0,1.0,0,0,0,0,0,0,0,0,0,1,0,0,0,1,0,0,0,0,0,0,0,0,0,0,0,0,0,0,1900
https://www.immowelt.de/expose/268ya5j,Skalitzer Str. 74 A,2270.0,2.0,77.0,Friedrichshain-Kreuzberg,2000 to 3000,"furnished, like new",no information,0.0,0.0,Kelleranteil,"Marmorboden, Parkett",0,0,0,0,0,0,0,0,0,0,1,0,0,0,0,0,0,1,0,0,0,1,0,0,0,0,2009
https://www.immowelt.de/expose/276fh5x,Schmargendorf,10500.0,6.0,248.0,Charlottenburg-Wilmersdorf,over 3000,"furnished, like new",no information,0.0,0.0,Kelleranteil,"Marmorboden, Parkett",0,0,0,0,0,0,0,0,0,0,1,0,0,0,0,0,0,1,0,0,0,1,0,0,0,0,2009
https://www.immowelt.de/expose/28pm853,Schmargendorf,8500.0,4.0,197.0,Charlottenburg-Wilmersdorf,over 3000,furnished,renovated,1.0,1.0,0,0,0,0,0,0,0,0,0,0,0,0,0,0,0,1,0,0,0,0,0,0,1,1,0,0,0,0,1975
https://www.immowelt.de/expose/27p6h56,Genthiner Strasse 49,3550.0,4.0,111.0,Mitte,over 3000,like new,no information,0.0,1.0,0,0,0,0,0,0,0,0,0,1,0,0,0,1,0,0,0,0,0,1,0,0,0,0,0,0,0,0,1975
https://www.immowelt.de/expose/25k6v5z,Mühlenstraße 20,2100.0,2.0,54.0,Friedrichshain-Kreuzberg,2000 to 3000,no information,renovated,0.0,1.0,Kelleranteil,0,0,0,0,0,0,0,0,0,0,0,0,0,0,0,0,0,0,1,0,0,0,0,0,0,0,0,1979
https://www.immowelt.de/expose/28xw35p,Alt-Friedrichsfelde 73,719.0,2.0,53.57,Lichtenberg,600 to 1000,like new,no information,0.0,1.0,0,0,0,0,0,0,0,0,0,1,0,0,0,1,1,0,0,0,0,1,0,0,0,0,0,0,0,0,1975
https://www.immowelt.de/expose/25kdt5z,Mitte,2300.0,2.0,53.0,Mitte,2000 to 3000,furnished,renovated,1.0,1.0,0,0,0,0,0,0,0,0,0,0,0,0,0,0,0,1,0,0,0,0,0,0,1,1,0,0,0,0,1975
https://www.immowelt.de/expose/27ehp5j,Friedrichstraße 121,3100.0,2.0,138.0,Mitte,over 3000,furnished,renovated,1.0,1.0,0,0,0,0,0,0,0,0,0,0,0,0,0,0,0,1,0,0,0,1,0,0,0,1,0,0,0,0,2022
https://www.immowelt.de/expose/276fs5q,Lützowstr. 111,1700.0,2.0,35.0,Mitte,1500 to 2000,no information,first-time-use,0.0,1.0,Kelleranteil,0,0,0,0,0,0,0,0,0,0,0,0,0,0,0,0,0,0,1,0,0,0,1,0,0,0,0,2022
https://www.immowelt.de/expose/28awy5c,Spandau,1228.0,2.0,64.61,Spandau,1000 to 1500,furnished,renovated,1.0,0.0,0,0,0,0,0,0,0,0,0,0,0,0,0,0,0,0,0,0,0,0,0,0,0,1,0,0,0,0,1975
https://www.immowelt.de/expose/28cd85q,Stargarder Strasse 73,3050.0,3.0,81.0,Pankow,over 3000,furnished,renovated,1.0,1.0,0,0,0,0,0,0,0,0,0,0,0,0,0,0,0,0,0,0,0,0,0,0,1,1,0,0,0,0,1975
https://www.immowelt.de/expose/26r9w5q,Kommandantenstr. 75,3143.0,3.0,86.0,Mitte,over 3000,furnished,renovated,1.0,0.0,0,0,0,0,0,0,0,0,0,0,0,0,0,0,0,0,0,0,0,0,0,0,0,1,0,0,0,0,1975
https://www.immowelt.de/expose/28a6q5d,Beusselstraße 65,1830.0,2.0,69.0,Mitte,1500 to 2000,furnished,renovated,1.0,0.0,0,0,0,0,0,0,0,0,0,0,0,0,0,0,0,0,0,0,0,0,0,0,0,1,0,0,0,0,1975
https://www.immowelt.de/expose/28wcr5n,Beusselstraße 65,1800.0,2.0,76.0,Mitte,1500 to 2000,furnished,renovated,0.0,0.0,0,0,0,0,0,0,0,0,0,0,0,0,0,0,0,0,0,0,0,0,0,0,0,1,0,0,0,0,1975
https://www.immowelt.de/expose/287ag57,Eylauerstraße 13,1870.0,2.0,63.0,Friedrichshain-Kreuzberg,1500 to 2000,furnished,renovated,1.0,0.0,0,0,0,0,0,0,0,0,0,0,0,0,0,0,0,0,0,0,0,0,0,0,0,1,0,0,0,0,1975
https://www.immowelt.de/expose/289z252,Erich-Weinert-Straße 16,2050.0,2.0,50.0,Pankow,2000 to 3000,furnished,renovated,1.0,1.0,0,0,0,0,0,0,0,0,0,0,0,0,0,0,0,0,0,0,0,1,0,0,0,1,0,0,0,0,1975
https://www.immowelt.de/expose/27cwb5y,Pettenkoferstraße 4,3390.0,3.0,106.0,Friedrichshain-Kreuzberg,over 3000,furnished,renovated,0.0,0.0,0,0,0,0,0,0,0,0,0,0,0,0,0,0,0,0,0,0,0,0,0,0,0,1,0,0,0,0,1975
https://www.immowelt.de/expose/287ag57,Eylauerstraße 13,1870.0,2.0,63.0,Friedrichshain-Kreuzberg,1500 to 2000,furnished,renovated,1.0,1.0,0,0,0,0,0,0,0,0,0,0,0,0,0,0,0,0,0,0,0,1,0,0,0,1,0,0,0,0,1975
https://www.immowelt.de/expose/28dc85q,Manfred-von-Richthofen-Str. 28,2170.0,2.0,64.0,Tempelhof-Schöneberg,2000 to 3000,furnished,renovated,1.0,0.0,0,0,0,0,0,0,0,0,0,0,0,0,0,0,0,0,0,0,0,0,0,0,0,1,0,0,0,0,1975
https://www.immowelt.de/expose/28r9a5u,Templinerstr 15,2000.0,2.0,56.0,Mitte,2000 to 3000,furnished,renovated,1.0,1.0,0,0,0,0,0,0,0,0,0,0,0,0,0,0,0,0,0,0,0,1,0,0,0,1,0,0,0,0,1975
https://www.immowelt.de/expose/28q7k55,Mühlenstraße 20,1800.0,2.0,60.0,Friedrichshain-Kreuzberg,1500 to 2000,furnished,new building,1.0,1.0,0,0,0,0,0,0,0,0,0,0,0,0,0,0,0,0,0,0,0,1,0,0,0,1,0,0,0,0,2020
https://www.immowelt.de/expose/25uhw5s,Am Köllnischen Park 11,2360.0,2.0,54.0,Mitte,2000 to 3000,furnished,renovated,1.0,1.0,0,0,0,0,0,0,0,0,0,0,0,0,0,0,0,0,0,0,0,0,0,0,1,1,0,0,1,0,1975
https://www.immowelt.de/expose/27akq5u,Wilhelmsaue 32,2350.0,2.0,85.0,Charlottenburg-Wilmersdorf,2000 to 3000,furnished,renovated,1.0,1.0,0,0,0,0,0,0,0,0,0,0,0,0,0,0,0,0,0,0,0,0,0,0,0,1,0,0,0,0,1975
https://www.immowelt.de/expose/27bt95z,Goebenstraße 14,2070.0,3.0,60.0,Tempelhof-Schöneberg,2000 to 3000,furnished,renovated,0.0,0.0,0,0,0,0,0,0,0,0,0,0,0,0,0,0,0,0,0,0,0,0,0,0,0,1,0,0,0,0,1975
https://www.immowelt.de/expose/28qd45e,Eylauerstraße 13,1650.0,2.0,51.0,Friedrichshain-Kreuzberg,1500 to 2000,furnished,renovated,1.0,0.0,0,0,0,0,0,0,0,0,0,0,0,0,0,0,0,0,0,0,0,0,0,0,0,1,0,0,0,0,1975
https://www.immowelt.de/expose/284d75p,Stargarder Straße 73,1700.0,1.0,42.0,Pankow,1500 to 2000,furnished,renovated,1.0,1.0,0,0,0,0,0,0,0,0,0,0,0,0,0,0,0,0,0,0,0,1,0,0,1,1,0,0,0,0,1975
https://www.immowelt.de/expose/28j3j5r,Stralauer Allee 17,3072.0,3.0,108.0,Friedrichshain-Kreuzberg,over 3000,furnished,new building,0.0,1.0,Kelleranteil,0,0,0,0,0,0,0,0,0,0,0,0,0,1,0,1,1,1,1,1,1,1,1,0,0,1,0,2022
https://www.immowelt.de/expose/2778f5x,Cora-Berliner-Str. 1,2750.0,2.0,66.0,Mitte,2000 to 3000,furnished,new building,0.0,1.0,Kelleranteil,0,0,0,0,0,0,0,0,0,0,0,1,0,1,0,1,1,1,1,1,1,1,1,0,0,1,0,2022
https://www.immowelt.de/expose/27dbe5w,Cora-Berliner-Str. 1,3350.0,2.0,70.0,Mitte,over 3000,furnished,new building,0.0,1.0,Kelleranteil,0,0,0,0,0,0,0,0,0,0,0,0,0,1,0,1,1,1,1,1,1,1,1,0,0,1,0,2022
https://www.immowelt.de/expose/273gf5x,Cora-Berliner-Str. 1,2850.0,2.0,76.0,Mitte,2000 to 3000,furnished,new building,0.0,1.0,Kelleranteil,0,0,0,0,0,0,0,0,0,0,0,0,0,1,0,1,1,1,1,1,1,1,1,0,0,1,0,2022
https://www.immowelt.de/expose/27zbf5x,Cora-Berliner-Str. 1,2750.0,2.0,66.0,Mitte,2000 to 3000,furnished,new building,0.0,1.0,Kelleranteil,0,0,0,0,0,0,0,0,0,0,0,1,0,1,0,1,1,1,1,1,1,1,1,0,0,1,0,2022
https://www.immowelt.de/expose/27fhf5x,Cora-Berliner-Str. 1,2850.0,2.0,76.0,Mitte,2000 to 3000,furnished,new building,0.0,1.0,Kelleranteil,0,0,0,0,0,0,0,0,0,0,0,0,0,1,0,1,1,1,1,1,1,1,1,0,0,1,0,2022
https://www.immowelt.de/expose/27r6d5x,Cora-Berliner-Str. 1,2650.0,2.0,62.0,Mitte,2000 to 3000,furnished,new building,0.0,1.0,Kelleranteil,0,0,0,0,0,0,0,0,0,0,0,0,0,1,0,1,1,1,1,1,1,1,1,0,0,1,0,2022
https://www.immowelt.de/expose/27y9e5x,Cora-Berliner-Str. 1,4400.0,2.0,83.0,Mitte,over 3000,furnished,new building,0.0,1.0,Kelleranteil,0,0,0,0,0,0,0,0,0,0,0,1,0,1,0,1,1,1,1,1,1,1,1,0,0,1,0,2022
https://www.immowelt.de/expose/275lb5x,Cora-Berliner-Str. 1,3350.0,2.0,70.0,Mitte,over 3000,furnished,new building,0.0,1.0,Kelleranteil,0,0,0,0,0,0,0,0,0,0,0,1,0,1,0,1,1,1,1,1,1,1,1,0,0,1,0,2022
https://www.immowelt.de/expose/27mfd5x,Cora-Berliner-Str. 1,4400.0,2.0,83.0,Mitte,over 3000,furnished,new building,0.0,1.0,Kelleranteil,0,0,0,0,0,0,0,0,0,0,0,1,0,1,0,1,1,1,1,1,1,1,1,0,0,1,0,2022
https://www.immowelt.de/expose/27zye5x,Cora-Berliner-Str. 1,3150.0,2.0,60.0,Mitte,over 3000,furnished,new building,0.0,1.0,Kelleranteil,0,0,0,0,0,0,0,0,0,0,0,1,0,1,0,1,1,1,1,1,1,1,1,0,0,1,0,2022
https://www.immowelt.de/expose/27pne5x,Cora-Berliner-Str. 1,3500.0,2.0,68.63,Mitte,over 3000,furnished,new building,0.0,1.0,Kelleranteil,0,0,0,0,0,0,0,0,0,0,0,1,0,1,0,1,1,1,1,1,1,1,1,0,0,1,0,2022
https://www.immowelt.de/expose/2793f5x,Cora-Berliner-Str. 1,3150.0,2.0,60.0,Mitte,over 3000,furnished,new building,1.0,1.0,0,0,0,0,0,0,0,0,0,0,0,0,0,0,0,1,0,0,0,1,0,0,0,1,0,0,0,0,2020
https://www.immowelt.de/expose/26t645m,Lützowstr. 111,1700.0,2.0,35.0,Mitte,1500 to 2000,furnished,new building,1.0,1.0,0,0,0,0,0,0,0,0,0,0,0,0,0,0,0,0,0,0,0,0,0,0,0,1,0,0,0,0,2020
https://www.immowelt.de/expose/25qnq53,Am Köllnischen Park 17,1900.0,2.0,55.0,Mitte,1500 to 2000,furnished,no information,0.0,1.0,Abstellraum,Parkett,Kunststofffenster,0,0,0,0,0,0,0,0,Reinigungsservice,0,1,0,0,0,0,0,0,0,0,0,1,1,0,0,0,2020
https://www.immowelt.de/expose/27n2n5v,Tiergarten,1400.0,2.0,35.0,Mitte,1000 to 1500,furnished,renovated,1.0,1.0,0,Parkett,Aluminiumfenster,0,0,0,0,0,0,0,0,0,0,1,0,0,0,0,0,0,0,0,1,1,0,0,0,0,1975
https://www.immowelt.de/expose/27dk75n,Kurfürstendamm 110,2000.0,2.0,56.0,Charlottenburg-Wilmersdorf,2000 to 3000,like new,no information,0.0,1.0,0,0,0,0,0,0,0,0,0,1,0,0,0,1,0,0,0,0,0,0,0,0,0,0,0,0,0,0,1975
https://www.immowelt.de/expose/26b465g,Lützowstrasse 111b,2260.0,2.0,68.0,Mitte,2000 to 3000,furnished,renovated,0.0,1.0,0,0,0,0,0,0,0,0,0,0,0,0,0,0,0,1,0,0,0,1,0,0,0,1,0,0,0,0,1975
https://www.immowelt.de/expose/275jz5q,Eylauerstraße 13,3595.0,4.0,117.0,Friedrichshain-Kreuzberg,over 3000,furnished,new building,1.0,1.0,0,0,0,0,0,0,0,0,0,0,0,0,0,0,0,0,0,0,0,1,0,0,0,1,0,0,0,0,2020
https://www.immowelt.de/expose/26mar5y,Kurfürstenstrasse 136,2072.0,2.0,74.0,Tempelhof-Schöneberg,2000 to 3000,no information,first-time-use,0.0,1.0,0,0,0,0,0,0,0,0,0,0,0,0,0,0,0,0,0,0,0,0,0,0,1,0,0,0,0,0,2023
https://www.immowelt.de/expose/27whn5u,Lion-Feuchtwanger Straße 61,2299.0,4.0,106.88,Marzahn-Hellersdorf,2000 to 3000,no information,well-maintained,0.0,1.0,Kelleranteil,0,0,0,0,0,0,0,0,0,0,0,0,0,1,0,0,0,0,1,0,0,0,0,0,0,0,0,1967
https://www.immowelt.de/expose/27jpk5u,Finsterwalder Straße 11,248.71,1.0,41.67,Reinickendorf,below 600,"furnished, like new",new building,0.0,1.0,Kelleranteil,0,0,0,0,0,0,0,0,1,Sauna,0,1,0,0,0,0,0,0,0,1,0,1,1,0,0,0,0,2009
https://www.immowelt.de/expose/27my45u,Schmargendorf,11500.0,6.0,248.2,Charlottenburg-Wilmersdorf,over 3000,furnished,old building,0.0,1.0,0,Parkett,Aluminiumfenster,0,0,0,0,0,0,0,0,0,0,1,0,0,0,0,0,0,0,0,0,0,0,0,0,0,1900
https://www.immowelt.de/expose/27d5j5t,Köpenicker Str. 79,1200.0,1.0,36.0,Mitte,1000 to 1500,no information,no information,0.0,0.0,Kelleranteil,0,0,0,0,0,0,0,0,0,0,0,0,0,0,0,0,0,0,1,1,0,0,1,0,0,0,0,1998
https://www.immowelt.de/expose/27p8p5s,Münchehagenstraße 42,1099.0,4.0,86.4,Pankow,1000 to 1500,partly furnished,old building,0.0,0.0,0,Parkett,Aluminiumfenster,0,0,0,0,0,0,0,0,0,0,1,0,0,0,0,0,1,0,0,0,0,0,0,0,0,1900
https://www.immowelt.de/expose/27tac5r,Ibsenstraße 16,2160.0,3.0,72.0,Pankow,2000 to 3000,furnished,old building,0.0,1.0,0,Parkett,Aluminiumfenster,0,0,0,0,0,0,0,0,0,0,1,0,0,0,0,0,0,0,0,0,0,0,0,0,0,1900
https://www.immowelt.de/expose/2799c5r,Beusselstraße 65,1950.0,2.0,74.0,Mitte,1500 to 2000,furnished,old building,0.0,1.0,0,Parkett,Aluminiumfenster,0,0,0,0,0,0,0,0,0,0,1,0,0,0,0,0,0,0,0,0,0,0,0,0,0,1900
https://www.immowelt.de/expose/27bzb5r,Zwinglistraße 34,1920.0,2.0,82.0,Mitte,1500 to 2000,furnished,old building,0.0,1.0,0,Parkett,Aluminiumfenster,0,0,0,0,0,0,0,0,0,0,1,0,0,0,0,0,0,0,0,0,0,0,0,0,0,1900
https://www.immowelt.de/expose/27f8b5r,Kurfürstendamm 167-168,1540.0,1.0,36.0,Charlottenburg-Wilmersdorf,1500 to 2000,no information,no information,0.0,0.0,0,0,0,0,0,0,0,0,0,0,0,0,0,0,0,0,0,0,0,0,0,0,0,0,0,0,0,0,1975
